Id,Sequence,Label
>Positive_0,SKSSGVS,1
>Positive_1,LDCLSELCS,1
>Positive_2,GRRINRLILPRN,1
>Positive_3,WRNTIA,1
>Positive_4,QHWSYKCIRP,1
>Positive_5,QACPMLLCM,1
>Positive_6,GRGDSPK,1
>Positive_7,DRWRPALP,1
>Positive_8,SLDSMSPQWHAD,1
>Positive_9,CGNSNPKSC,1
>Positive_10,QFPPKLTNNSML,1
>Positive_11,LILSSGELLRHPRG,1
>Positive_12,CRGDKGPEC,1
>Positive_13,DPAFIFYHSTLFFNS,1
>Positive_14,IDKQLE,1
>Positive_15,EDIKPKTSLAFR,1
>Positive_16,CLVVHEAAC,1
>Positive_17,LTGTCLQYQSRCGNTR,1
>Positive_18,CRGDCF,1
>Positive_19,SKGLRHR,1
>Positive_20,CERACRNLCREGC,1
>Positive_21,EICVDGLCV,1
>Positive_22,IHWRPWAR,1
>Positive_23,LSMFTRP,1
>Positive_24,IYCPGQECE,1
>Positive_25,VTCRSLMCQ,1
>Positive_26,FSDTRL,1
>Positive_27,VNSHQALWSPAQ,1
>Positive_28,FTTVCRQPRGHEAIVCGSGK,1
>Positive_29,YSHNTITNLYFS,1
>Positive_30,CASNNGRVVL,1
>Positive_31,RGEPAYQGRFL,1
>Positive_32,PHSPTSL,1
>Positive_33,NRLKCRAQATHSAAPCIRGY,1
>Positive_34,DKPTAFVSVYLKTAL,1
>Positive_35,TPRTQKA,1
>Positive_36,RSGRVSN,1
>Positive_37,CGKRGDSIC,1
>Positive_38,CRGDGWC,1
>Positive_39,YSAYPDSVPMMS,1
>Positive_40,LPAMPNS,1
>Positive_41,WKEPAYQRFL,1
>Positive_42,RKCEVPGCQ,1
>Positive_43,DTLRLRI,1
>Positive_44,TARGSSR,1
>Positive_45,VLTVQPW,1
>Positive_46,CSKCNGRCGH,1
>Positive_47,SHGKPPSFSPYT,1
>Positive_48,RLLDTNRPLLPY,1
>Positive_49,YRHWPIDYPPP,1
>Positive_50,CRNCNGRCEG,1
>Positive_51,LTVSLWT,1
>Positive_52,CDCRGDCFC,1
>Positive_53,CAQLLQVSC,1
>Positive_54,NPRWFWD,1
>Positive_55,LTYQTWP,1
>Positive_56,CTGSWLGC,1
>Positive_57,CTPSPFSHC,1
>Positive_58,FVDVRL,1
>Positive_59,AGQTLTASGD,1
>Positive_60,MTKSAG,1
>Positive_61,AIHSELMWVS,1
>Positive_62,WSCADRTCM,1
>Positive_63,TSAVRT,1
>Positive_64,CDTAVVEGL,1
>Positive_65,CASLSCR,1
>Positive_66,CGKRK,1
>Positive_67,DVGTTE,1
>Positive_68,RIHYIF,1
>Positive_69,RSCAEPWCY,1
>Positive_70,NGFSHHAPLMRY,1
>Positive_71,SIDSTTF,1
>Positive_72,FPSSLIIPPLPN,1
>Positive_73,GRCVDGGCT,1
>Positive_74,AHLPIVRASLPS,1
>Positive_75,CSDYNHHWC,1
>Positive_76,LRMTCAFGVAQRSADCALSS,1
>Positive_77,KGVSLSYR,1
>Positive_78,ELIKESR,1
>Positive_79,GCSVSSVGALCTHV,1
>Positive_80,AGCINGLCG,1
>Positive_81,QSRLSLG,1
>Positive_82,VVDRFPD,1
>Positive_83,EACEMAGCL,1
>Positive_84,IILLQGR,1
>Positive_85,CSNRDARRC,1
>Positive_86,CIRCNGRCSV,1
>Positive_87,GHGKHKNK,1
>Positive_88,RGDPAYNGRFL,1
>Positive_89,CEMCNGRCMG,1
>Positive_90,CPLCNGRCAR,1
>Positive_91,DSSLRLP,1
>Positive_92,CSRPRRSVC,1
>Positive_93,CRGDHGVEC,1
>Positive_94,CRESLKNC,1
>Positive_95,CNAGESSRNC,1
>Positive_96,HQSVNKE,1
>Positive_97,ADCRQKPCL,1
>Positive_98,AWPENPSRRPF,1
>Positive_99,LWAEMTG,1
>Positive_100,KLWCAMS,1
>Positive_101,TDLGAM,1
>Positive_102,RWCREKSCW,1
>Positive_103,CALIIQKNEC,1
>Positive_104,SALLPWPVLVNY,1
>Positive_105,LVRRWYL,1
>Positive_106,AEGEFPRWGDSHWLQYWYEGDPAK,1
>Positive_107,PLRIAQH,1
>Positive_108,PKWLLFS,1
>Positive_109,ARVSFWRYSSFAPTY,1
>Positive_110,ANTPCGPYTHDCPVKR,1
>Positive_111,CGLIINKNEC,1
>Positive_112,IHFPSAS,1
>Positive_113,LRTNVVH,1
>Positive_114,GPSGNLHIRPAS,1
>Positive_115,CRGRRST,1
>Positive_116,WNLPWYYSVSPT,1
>Positive_117,CHVLWSTRC,1
>Positive_118,RFRGLISLSQVYLSP,1
>Positive_119,CVLNGRMEC,1
>Positive_120,TVWNPVG,1
>Positive_121,YHTRIALPDNLP,1
>Positive_122,ITTPWDEMRSFL,1
>Positive_123,MSRPHK,1
>Positive_124,DLLAVSWLRA,1
>Positive_125,LTVSPWY,1
>Positive_126,FSDARL,1
>Positive_127,YRCIARECE,1
>Positive_128,YTSPHHSTTGHL,1
>Positive_129,DSNAES,1
>Positive_130,ATLDGVS,1
>Positive_131,NLYVASW,1
>Positive_132,LTVQPWP,1
>Positive_133,IMYPGWL,1
>Positive_134,VSRSSRWGSI,1
>Positive_135,VSFLEYR,1
>Positive_136,NSFPLMLMHHHP,1
>Positive_137,QEFSPNLWGLEFQKN,1
>Positive_138,AGCRVESC,1
>Positive_139,CPRECESIC,1
>Positive_140,CYLVNVDC,1
>Positive_141,GGHDGDPVLTGTLFY,1
>Positive_142,CGLIIQKNEC,1
>Positive_143,CGRGDSPDC,1
>Positive_144,LTVTPWL,1
>Positive_145,CEVCNGRCAL,1
>Positive_146,RGEPAYQRFL,1
>Positive_147,LTVEPWL,1
>Positive_148,VPCRFKQCW,1
>Positive_149,GSLACQNIVVCVKKQCNALC,1
>Positive_150,AGTRMSWEV,1
>Positive_151,AEGEFLMWGGSHWLEYWYEGDPAK,1
>Positive_152,CYVELHC,1
>Positive_153,QPPMEYS,1
>Positive_154,HSFLHPWDLFDY,1
>Positive_155,GLWQGP,1
>Positive_156,EEPAYQRFL,1
>Positive_157,CTAMRNTDC,1
>Positive_158,VECYLIRDNLCIY,1
>Positive_159,HTCLVALCA,1
>Positive_160,CTDYVRC,1
>Positive_161,GSVSHRR,1
>Positive_162,CGRGDNLAC,1
>Positive_163,SYPLSFLGPLIS,1
>Positive_164,GMMYRS,1
>Positive_165,CLSDGKRKC,1
>Positive_166,KGHHGKHG,1
>Positive_167,PKMTLQRSNIRPSMP,1
>Positive_168,RLQLKL,1
>Positive_169,CSPQSQPMC,1
>Positive_170,NSSSCDTSVVRSTWACILQP,1
>Positive_171,PLASRPM,1
>Positive_172,IELLQAR,1
>Positive_173,GSFAFLV,1
>Positive_174,KHMHWHPPALN,1
>Positive_175,GDVWLFLTSTSHFAR,1
>Positive_176,WIEPAYQRFL,1
>Positive_177,YMFWTSR,1
>Positive_178,TSCDPSLCE,1
>Positive_179,TDCTPSRCT,1
>Positive_180,CVLCNGRCWS,1
>Positive_181,KAMSWYA,1
>Positive_182,CNRRTKAGC,1
>Positive_183,CRLTGGKGVGC,1
>Positive_184,CRSRKG,1
>Positive_185,VRAVCTTLKSRGHEECWSLQ,1
>Positive_186,LQNPTPE,1
>Positive_187,CRLGIAC,1
>Positive_188,CGTRCVRCQNGPEASCEQPL,1
>Positive_189,WTCRASWCS,1
>Positive_190,QFQSQPM,1
>Positive_191,QRSPMMSRIRLP,1
>Positive_192,VRNSLRN,1
>Positive_193,CGTKRKC,1
>Positive_194,ISLLQAR,1
>Positive_195,SYDILKPNPQRL,1
>Positive_196,PIEDRPM,1
>Positive_197,CGRGDMPSC,1
>Positive_198,GPSRVGG,1
>Positive_199,CYSYFLAC,1
>Positive_200,QFDEPR,1
>Positive_201,QEYSPNLWGHEFRSH,1
>Positive_202,CALRDRPMC,1
>Positive_203,CRGSGAGRC,1
>Positive_204,TAASGVRSMH,1
>Positive_205,SEFIHHWTPPPS,1
>Positive_206,SPLLSTRAVQLS,1
>Positive_207,CYPADPC,1
>Positive_208,GSVLPVL,1
>Positive_209,CKALSQAC,1
>Positive_210,SGWCYRC,1
>Positive_211,VPEQRPM,1
>Positive_212,AAEWLDAFFVRHVDR,1
>Positive_213,HTMYYHHYQHHL,1
>Positive_214,CGECNGRCVE,1
>Positive_215,CWGTGLC,1
>Positive_216,CIEGVLGGC,1
>Positive_217,PMAHLEF,1
>Positive_218,CKGAKAR,1
>Positive_219,CVPCNGRCHE,1
>Positive_220,KGCGTRQCW,1
>Positive_221,LTVSPLWD,1
>Positive_222,VHMNCSWMRVSEGHPCESAD,1
>Positive_223,ITDMAA,1
>Positive_224,RWRTNF,1
>Positive_225,YPTPYDI,1
>Positive_226,HTFEPGV,1
>Positive_227,FRCLERVCT,1
>Positive_228,MTRNLQ,1
>Positive_229,CRTTRGTKC,1
>Positive_230,SIVNCSAALTDLPTRCGGNI,1
>Positive_231,CRTCNGRCLE,1
>Positive_232,CKGGRAKDC,1
>Positive_233,CWRKFYC,1
>Positive_234,APSQTYH,1
>Positive_235,CFDGNHIWC,1
>Positive_236,SPGPMKLLKTPL,1
>Positive_237,CRGDHAGDC,1
>Positive_238,CSGGKVLDC,1
>Positive_239,MARAKE,1
>Positive_240,SMSIARL,1
>Positive_241,RRHSVSG,1
>Positive_242,AEGEFGHWCDQHWLQYWYEGDPAK,1
>Positive_243,CPEKFRPMC,1
>Positive_244,NTHMTAF,1
>Positive_245,WRPCES,1
>Positive_246,NACESAICG,1
>Positive_247,CSDWQHPWC,1
>Positive_248,KGVSLSYRKKGVSLSYR,1
>Positive_249,LLADTTHHRPWT,1
>Positive_250,SPMFTMIQGDAQ,1
>Positive_251,CLDGGRPKC,1
>Positive_252,NLYYASW,1
>Positive_253,GRSQMQI,1
>Positive_254,RTRYED,1
>Positive_255,CPIRPMEDC,1
>Positive_256,VASVSVA,1
>Positive_257,CWSGVDC,1
>Positive_258,WTHHHSYPRPL,1
>Positive_259,VWRTGHL,1
>Positive_260,PIDERPM,1
>Positive_261,MIHTNHWWAQD,1
>Positive_262,LEPAYQRFL,1
>Positive_263,RVCFLWQDGRCVF,1
>Positive_264,QEPAYQRFL,1
>Positive_265,CKVCNGRCCG,1
>Positive_266,ALVGLMR,1
>Positive_267,CETCNGRCVG,1
>Positive_268,CNAGESSKNC,1
>Positive_269,PEKFRPM,1
>Positive_270,SFPDSNIAPSSP,1
>Positive_271,GSWYAWSPLVPSAQI,1
>Positive_272,QEFSPYMGLEFKKH,1
>Positive_273,CPHSKPCLC,1
>Positive_274,KRASCQNPLFSNFFVCGLSE,1
>Positive_275,AEGEFMYWGDSHWLQYWYEGDPAK,1
>Positive_276,YRCREVLCQ,1
>Positive_277,LTVSPWT,1
>Positive_278,CSDSWHYWC,1
>Positive_279,IDLMQAR,1
>Positive_280,CREAGRKAC,1
>Positive_281,CDPSRGKNC,1
>Positive_282,ARCRVDPCV,1
>Positive_283,CGVGSSC,1
>Positive_284,HKHGHGHGKHKNKGK,1
>Positive_285,SMSIASPQIPWS,1
>Positive_286,PRNICSRRDPTCWTTY,1
>Positive_287,DLPMHPM,1
>Positive_288,CDTRL,1
>Positive_289,CEKRGDSVC,1
>Positive_290,TDSILRSYDWTY,1
>Positive_291,FQHPSFI,1
>Positive_292,GVTDSSTSNLDMPHW,1
>Positive_293,FRPNRAQDYNTN,1
>Positive_294,ICLLAHCA,1
>Positive_295,CTQDRQHPC,1
>Positive_296,RGDPAYQRFL,1
>Positive_297,SKVLYYNWE,1
>Positive_298,CRGDKTTNC,1
>Positive_299,AYTKCSRQWRTCMTTH,1
>Positive_300,SLVSFLG,1
>Positive_301,RGDF,1
>Positive_302,RGDGWK,1
>Positive_303,KKEKDIMKKTI,1
>Positive_304,STLPPPLRFANV,1
>Positive_305,CRGDKGENC,1
>Positive_306,CNAAESSKNC,1
>Positive_307,CREKA,1
>Positive_308,CEKRGDSLC,1
>Positive_309,PFKLSKH,1
>Positive_310,GRQGCYEHLWRLIAWCAIFL,1
>Positive_311,WEEPAYQRFL,1
>Positive_312,GTGSCGYGKLHTGYWCSYFP,1
>Positive_313,GRWYKWA,1
>Positive_314,LFAQLGP,1
>Positive_315,CRGDCGGKWCFRVCYRGICYRRCR,1
>Positive_316,CAVCNGRCGF,1
>Positive_317,MTRQIG,1
>Positive_318,RASDVGSDVVPRYPF,1
>Positive_319,VYAQCGVNVRTGRGGCSRLM,1
>Positive_320,LVCLPPSCE,1
>Positive_321,CVTCNGRCRV,1
>Positive_322,GRRTRSRRLRRS,1
>Positive_323,CGGERGKSC,1
>Positive_324,GGGTRAGMKY,1
>Positive_325,AEGEFGWWGDSHWLQYEGDPAK,1
>Positive_326,SFSIIHTPILPL,1
>Positive_327,RHCFSQWCS,1
>Positive_328,KDEPQRRSARLSAKPAPPKPEPKPKKAPAKK,1
>Positive_329,MVWSKGPLFL,1
>Positive_330,AEGEFIHNRYNRFFYWYGDPAK,1
>Positive_331,CPLCNGRCAL,1
>Positive_332,RHTVCRVSLSSVQGSCSHEY,1
>Positive_333,CPGPEGAGC,1
>Positive_334,LECVVDSCR,1
>Positive_335,TTREKNL,1
>Positive_336,APCCSHLDASPFQRP,1
>Positive_337,VGFGKAL,1
>Positive_338,GARECESGGPGMRKLCTQIN,1
>Positive_339,GGHTRQ,1
>Positive_340,FTDIRL,1
>Positive_341,WQEPAYQRFL,1
>Positive_342,GGCRGDMFGC,1
>Positive_343,CVWCNGRCGL,1
>Positive_344,VGVGEWSV,1
>Positive_345,HEVVAG,1
>Positive_346,CLSRYLDQC,1
>Positive_347,CGLMCQGACFDVC,1
>Positive_348,YIHYIF,1
>Positive_349,RPCGDQACE,1
>Positive_350,IWSGYGVYW,1
>Positive_351,WTEPAYQRFL,1
>Positive_352,WREWFL,1
>Positive_353,CRGDHAANC,1
>Positive_354,WWSGLEA,1
>Positive_355,DMPKQLLAPWYY,1
>Positive_356,MCPKHPLGC,1
>Positive_357,MARSGL,1
>Positive_358,MSRTMS,1
>Positive_359,PQRRSARLSA,1
>Positive_360,CSRPRRSEC,1
>Positive_361,CSMSAKKKC,1
>Positive_362,CLSDGK,1
>Positive_363,QYREGLV,1
>Positive_364,SMPINSPYIPWS,1
>Positive_365,CRGDKGPDC,1
>Positive_366,CKAAKNK,1
>Positive_367,AGTRMSWEVL,1
>Positive_368,CEQCNGRCGQ,1
>Positive_369,CISLDRSC,1
>Positive_370,MLPKPSSFPVPG,1
>Positive_371,WGTGLC,1
>Positive_372,HPLRLPA,1
>Positive_373,IKARASP,1
>Positive_374,TGVSWSVAQPSF,1
>Positive_375,PQRHVNY,1
>Positive_376,CGRRAGGSC,1
>Positive_377,PIHYIF,1
>Positive_378,CGLSGLGVA,1
>Positive_379,QHAPSNSKSVLT,1
>Positive_380,ISCAVDAC,1
>Positive_381,RIPLEM,1
>Positive_382,CSSTMRC,1
>Positive_383,CPRGCLAVCVSQC,1
>Positive_384,CQLTGTHGAGC,1
>Positive_385,CAAHYRVGPWC,1
>Positive_386,PNPNNST,1
>Positive_387,VPCQKRPGWVCLW,1
>Positive_388,PTEAQLQ,1
>Positive_389,HGRFILPWWYAFSPS,1
>Positive_390,ELYVSRL,1
>Positive_391,TSPTNRS,1
>Positive_392,NNRACFRTSKGNPAECPYLG,1
>Positive_393,KCCYSL,1
>Positive_394,CFWPNRC,1
>Positive_395,ADGAPRPGAPLA,1
>Positive_396,IFLLWQR,1
>Positive_397,CWGCNGRCRM,1
>Positive_398,WAEPAYQRFL,1
>Positive_399,CPRGSRC,1
>Positive_400,GKYTWYGYSLRANWMR,1
>Positive_401,DRWRPALPVVLFPLH,1
>Positive_402,WIFPWIQL,1
>Positive_403,SMSIASPYIALE,1
>Positive_404,CLQLFSTC,1
>Positive_405,MFCRMRSCD,1
>Positive_406,YSFNSWM,1
>Positive_407,SGWFAGS,1
>Positive_408,SAERGVVAMS,1
>Positive_409,CRRHWGFEFC,1
>Positive_410,TPLFCGNHGRQPSPLCMKWD,1
>Positive_411,KWCVIWSKEGCLF,1
>Positive_412,CRGDRGPDC,1
>Positive_413,INGKVT,1
>Positive_414,LDHFAPM,1
>Positive_415,QPWLEQAYYSTF,1
>Positive_416,TLNINRLILPRT,1
>Positive_417,TSPLNIHNGQKL,1
>Positive_418,RGDPAYQGRFL,1
>Positive_419,QPENLPT,1
>Positive_420,CPHNLTKLC,1
>Positive_421,YEDIKPKTSLAFR,1
>Positive_422,FAATSAE,1
>Positive_423,LIAKTALPQTN,1
>Positive_424,QLNSCIHSGDRAIRGCMDWV,1
>Positive_425,TQPADLQTHNHN,1
>Positive_426,TPMNHHSQHAER,1
>Positive_427,STKLLHE,1
>Positive_428,FDDARL,1
>Positive_429,CYTADPC,1
>Positive_430,CPEHRSLVC,1
>Positive_431,ASSSYPLIHWRPWAR,1
>Positive_432,CGRECPRLCQSSC,1
>Positive_433,MMSQLAH,1
>Positive_434,GLKVCGRYPGICDGIR,1
>Positive_435,CAKIDPELC,1
>Positive_436,IVADYQR,1
>Positive_437,IFSGSRE,1
>Positive_438,CELSLISKC,1
>Positive_439,WQPDTAHHWATL,1
>Positive_440,CSVANSC,1
>Positive_441,NGRAHA,1
>Positive_442,PSTLTSS,1
>Positive_443,LSSVNSFPVVTP,1
>Positive_444,WPTYLNPSSLKA,1
>Positive_445,TECDMSRCM,1
>Positive_446,SMSIASPYIPWS,1
>Positive_447,KHGHGHGK,1
>Positive_448,NMSPQLD,1
>Positive_449,CVSNPRWKC,1
>Positive_450,GRDS,1
>Positive_451,TLTYTWS,1
>Positive_452,LVGVRLL,1
>Positive_453,GPLPLR,1
>Positive_454,CGETMRC,1
>Positive_455,LSPLLSPATA,1
>Positive_456,GNGRAHA,1
>Positive_457,AVDPRMFYLLLRGGA,1
>Positive_458,QWCSRRWCT,1
>Positive_459,AQSTAFQKPLLM,1
>Positive_460,NQPTRAL,1
>Positive_461,SWLAYPGAVSYR,1
>Positive_462,SPGSWTW,1
>Positive_463,SRESPHP,1
>Positive_464,GRRTRSSRLRNS,1
>Positive_465,WLEPAYQRFL,1
>Positive_466,CVSGPRC,1
>Positive_467,PSCAYMCIT,1
>Positive_468,AQGIVLQLAL,1
>Positive_469,FMEIET,1
>Positive_470,RGEPAYNGRFL,1
>Positive_471,CRGDAGINC,1
>Positive_472,CNAGDSSKNC,1
>Positive_473,MTKCRG,1
>Positive_474,SQRQTLD,1
>Positive_475,CPIDERPMC,1
>Positive_476,CVMVRDGDC,1
>Positive_477,CIRSAVSC,1
>Positive_478,SRHDLNS,1
>Positive_479,WDLAWMFRLPVG,1
>Positive_480,TLTVLPW,1
>Positive_481,CVQCNGRCAL,1
>Positive_482,TPRNLRTSNTHR,1
>Positive_483,CSGRGDSLC,1
>Positive_484,CVPELGHEC,1
>Positive_485,WWAMKP,1
>Positive_486,CTGRGDALC,1
>Positive_487,DAHVLVPRTP,1
>Positive_488,FNDYRL,1
>Positive_489,PRPGAPLAGSWPGTS,1
>Positive_490,CEYQLDVE,1
>Positive_491,APRPGPWLWSNADSV,1
>Positive_492,LGTDVRQ,1
>Positive_493,CVRIRPC,1
>Positive_494,GRCLLMQCR,1
>Positive_495,LCPKHPLGC,1
>Positive_496,CWLCNGRCGR,1
>Positive_497,CNGRCVSGCAGRC,1
>Positive_498,ISLLGAR,1
>Positive_499,CKTRVSCGV,1
>Positive_500,CRGDKHADC,1
>Positive_501,FSDMRL,1
>Positive_502,CTPSPPFSHC,1
>Positive_503,NRCRGVSCT,1
>Positive_504,CADPNSVRAHC,1
>Positive_505,FYCPGVGCR,1
>Positive_506,STVATSQ,1
>Positive_507,CGLIIQRNEC,1
>Positive_508,SFNQPYLYKTAF,1
>Positive_509,WPRYAESTLQLR,1
>Positive_510,HLQIQPWYPQIS,1
>Positive_511,AGFQHHPSFYRF,1
>Positive_512,GICKDDWCQ,1
>Positive_513,PSTNHAL,1
>Positive_514,HKNKGKKN,1
>Positive_515,CLSYYPSYC,1
>Positive_516,RLCSLYGCV,1
>Positive_517,CYLGVSNC,1
>Positive_518,NVVRQ,1
>Positive_519,CLSDGKPVS,1
>AIP44,CGSSDLYLVTRHADVIPV,0
>AHP80,LHEPG,0
>AIP143,ICFSPSLEHPIVVSGSWD,0
>AIP25,ALTGGMELTRDPTVP,0
>AMP380,INLKAIAALAKKLLG,0
>AMP22,LKAKTNISIREGPTLGNWAR,0
>AHP52,TTMPLW,0
>AIP58,DHTNFKYNYSVIEGGPIG,0
>ACP271,FLGALFKALSHLL,0
>AMP13,KTKQQFLIKAQTQLFKVFGYTL,0
>ACP131,FLLFPLMCKIQGKC,0
>ACP309,CHHNLAHAC,0
>AMP355,SNMIEGVFAKGFKKASHLFKGIG,0
>AHP74,SGTVPGG,0
>ACP143,FLPLLASLFSGLF,0
>ACP232,KAYARIGNSYFK,0
>AMP278,LYKLVKVVLNM,0
>AIP35,ASINKFVVLISATLVLSFAI,0
>AHP62,FVVAPFPEVF,0
>ACP8,FMPILSCSRFKRC,0
>ACP92,FLPIASLLGKYL,0
>AMP29,AAPRGGKGFFCKLFKDC,0
>AMP204,VSVIVPDYQCYLDRVDTWLQ,0
>AMP10,DLKYNPSRVEAFHRY,0
>ACP497,FALALKAKKL,0
>AIP109,GAGDENIEDRGMLATV,0
>AIP136,GTVGGTKYGLAKGVSLVAVK,0
>ACP43,FVQWFSKFLGRIL,0
>AHP85,QHTDD,0
>AIP122,GHAFGAMAKKGD,0
>AMP468,QIPLINYTFGPNQTCMWNTS,0
>ACP306,IFLLWQR,0
>AHP45,LVVYPWTQR,0
>AMP80,KKKKPLFGLFFGLF,0
>AIP140,HGRQIRMAKLLGRDPE,0
>ACP210,VNWKKILGKIKKVVK,0
>AIP163,KDAGISVSEIDHVVLV,0
>AIP17,AIARFIARKHNMMG,0
>AMP272,GLLSFLPKVIGVIGHLIHPPS,0
>ACP260,GKWMKLLKHILK,0
>ACP144,ILRWPWWPWRRK,0
>AHP111,VGLPIF,0
>ACP280,FLPIVTNLLSGLL,0
>AIP90,ESWGAVWRIDTPDKLTGPFT,0
>ACP413,GKWMSFLKHILK,0
>ACP93,KISKRILTGKK,0
>AIP111,GALEVHAVKPVT,0
>AMP382,LLRHVVKILEKYL,0
>AMP39,DDHETDMELKPANAA,0
>AIP62,DRVDEVDHTNFK,0
>AMP118,AIPWIWIWRLLRKG,0
>AMP346,CATCEQIADSQHRSHRQMV,0
>ACP381,GMWSKILGKLIR,0
>AIP76,EKIEKTEEPAPEADQTTPEE,0
>AIP37,ATALPKNETPEVTKAEETKT,0
>ACP430,FLGGILNTITGLL,0
>AMP432,FKLPLGINITNFRAILTAFS,0
>AHP97,TIIPLPV,0
>AIP70,EDLTLNDLETDVCTMDKCAG,0
>ACP199,FISAIASFLGKFL,0
>AMP93,NNAKKTNVTLSKKRKRR,0
>AMP310,GHRYSQFMGIFEDRA,0
>AMP405,STLPETTVVRRRGRSPRRRT,0
>AMP318,PVDCTMYSNKMYNCSLQNGF,0
>AHP19,YKVPQL,0
>ACP123,FALKALKKAL,0
>AIP23,ALNARGVLLLSTRDLAFAGA,0
>AIP112,GAPLGGAARALAHGVRVLED,0
>AIP53,DERGTPEYNIALGQR,0
>AMP34,IIGAIAAALPHVINAIKNTFG,0
>AMP94,SWSTLTANQNPSPPWSKLTY,0
>AMP273,LPTTQLRRHIDLLVGSAT,0
>AIP30,AQAAVVRFQEAANKQKQELD,0
>AIP119,GEGAVQWMNRLIAFASRGNHV,0
>ACP203,KAKLF,0
>ACP126,KAFWGLQH,0
>AHP145,AKYSY,0
>AIP26,AMKRHGLDNYRGYSL,0
>AIP85,EQNVRSAGELELQFRRVKCK,0
>AHP127,KPPQYV,0
>AHP79,PKDLREN,0
>AHP33,VHLAP,0
>AHP35,FQKVVAG,0
>AHP23,IEPQG,0
>AMP122,MRILSIIRWTRMKKSSA,0
>ACP218,KAFDITYVRLKF,0
>ACP166,FALLKL,0
>ACP436,IAAHDTPGPVWLS,0
>AIP9,AEVDCSRFPNATDK,0
>AIP71,EENVEENVEENVEENV,0
>AIP95,EYLNKIQNSLSTEWSPCSVT,0
>AIP21,AKSTWYGKPTGAGPKDNGGA,0
>AHP100,KVAGPK,0
>ACP223,GFGMALKLLKKVL,0
>AMP61,VKLEILGSKGGAKI,0
>AIP116,GAYMSKAHGVDPNIRTGV,0
>AHP123,LNVPGE,0
>AMP57,AVASVPRARGKYWWG,0
>AMP33,NVQGKTGIQQLQKWEDWVRW,0
>AHP93,IEWEG,0
>AMP214,WVEYMYSWIPTA,0
>AIP133,GTDGVTYTNDCLLC,0
>AIP5,ACNTIGGYECGGGS,0
>AIP151,IKPGSANKPKDELDYENDIE,0
>ACP155,EPNPDEFFGLM,0
>AMP113,KKKKVVAATYVLVA,0
>AMP228,VGALAVVVWLWLWLW,0
>AHP106,FFVAPFPGVFGK,0
>ACP464,VAKLLAKALKKLL,0
>AMP50,QKKPPRPPQWAVGHFM,0
>AHP131,LHLPYP,0
>AMP341,LLDCWVRLGRYLLRRLKTPFTRL,0
>AIP46,CLLVLGIWIYLLEMLWRLGA,0
>AHP139,VELWP,0
>AMP85,VCYFMVFLQYGRKKRRQRR,0
>ACP318,FLPIITNLLGKLL,0
>ACP178,FAFAKIIAKIAKKII,0
>AMP152,IFWDCWAPEEPACQDFLGAMIH,0
>AHP115,RELEEL,0
>AHP10,PQTLALP,0
>AMP106,LPFFLLSLIPSAISAIKKI,0
>AIP125,GKESCFCYFDCS,0
>AMP276,LSNTLAELYVREHLR,0
>AMP254,GSHTEHTTYAADRFK,0
>AMP471,FLSLLPSIVSGAVSLAKKLG,0
>ACP165,GMWSKLLGHLLR,0
>AIP97,FADKPDESTLSPEMKEHYDK,0
>AIP29,APMSTPSATSVR,0
>AMP268,YNYKYRYLRHGKLRPFERDI,0
>AIP106,FTTKVIGKDSRDFDISPKV,0
>AMP466,GKLQAFLAKMKEIAAQTL,0
>AIP50,DANWDQNRMKLADCAVGFGS,0
>AIP11,AFFLDLILLIIALYLQQNWW,0
>ACP33,FAKLLAKFLKKAL,0
>AMP2,SPPNQPSIMTFDYAKTNK,0
>ACP461,FAKLAKKLL,0
>AMP448,GVLDIFKDAAKQILAHAAEKQI,0
>AIP28,APEADQTTPEEKPAEPEPVA,0
>AHP156,LLYQEPVLGPVRGPFPIIV,0
>AMP83,RICRIIFLRVCR,0
>AIP102,FISEAIIHVLHSR,0
>AHP144,VVPPA,0
>AMP176,SPPSEQLGKSFNF,0
>AHP99,LKPMN,0
>ACP159,CIPMAWAVSWPHP,0
>AMP328,PANAATRTSRGWHTT,0
>AIP117,GCIITSLTGRDKNQVEGE,0
>AIP124,GIQYLAGLSTLPGNPAIASL,0
>ACP360,GKWKSLLKHILK,0
>AMP356,QIQDPEIPKCGWWNQMAYYN,0
>AIP51,DDQPRPRGDNFAVEKPEENI,0
>ACP279,FAKLA,0
>AIP55,DFVRAAGVYAVD,0
>ACP467,AMVGT,0
>AMP371,KQLLPIVNKQSCSISNI,0
>AHP17,QNLLRF,0
>AIP22,ALLVLYSFALMLIIIILIIF,0
>AIP52,DEEFNKKMQEQNAKFFADKP,0
>AIP73,EGKQSLTKLAAAWGGSGSEA,0
>AHP152,QKPRN,0
>AHP161,RELEE,0
>AHP143,QHEAT,0
>AHP3,WPEAAELMMEVDP,0
>ACP471,RRRRRNWMWC,0
>AHP86,NIFYCP,0
>ACP326,HHPHG,0
>AIP86,ERNTTIPTKRSETFTTADDN,0
>AMP153,KHMHWHPPALNT,0
>ACP387,RRRRRWCMNW,0
>AHP98,YPFGPIPN,0
>AHP61,LHLPLL,0
>AMP461,GFWGKLFKLGLHGIGLLHLHL,0
>AHP11,VVYPWTQRF,0
>ACP234,DDALRRLLRRLLRRL,0
>ACP243,GMWKKILGHLIR,0
>ACP349,GFGMALRLLRRVL,0
>ACP465,KKKKKEGKKQ,0
>AIP110,GAKPSECISIAWSADGNTLYS,0
>AIP162,KCIEWEKAQHGA,0
>AHP142,EWPRPQIPP,0
>ACP130,FAKLLAKALKKFAL,0
>AIP56,DGNCEDIPHVNEFSAIDL,0
>AIP103,FKHKFAELLEQQKAAQYPSK,0
>AIP134,GTNISKEHDGECKE,0
>AIP118,GDLLLKLNNYRYNKD,0
>AMP216,GVLDAFRKIATVVKNVV,0
>ACP61,DYPKLTFTTS,0
>AIP27,APAEPEAPAPETEKAEEVEK,0
>AHP56,GVHHA,0
>ACP69,KYKKALKKLAKLL,0
>AHP149,EKSYELP,0
>AIP148,IINNYYMQQYQNSMDTQLGD,0
>AHP25,VVLYK,0
>AHP83,FRVPTPN,0
>ACP128,FAKLFAKLAKKFAL,0
>AIP36,ASVPAADKFKTFEAAFTSSSK,0
>ACP299,LTAEHYAAQATS,0
>AIP68,EAIQPGCIGGPK,0
>AIP47,CWVAMTPTVATREGKLPATQLRRHI,0
>ACP150,PRFWEYWLRLME,0
>AHP39,FTESQS,0
>AHP112,YQNPRLGPTGELDPATQPIVAVHNPVIV,0
>ACP314,HTMYYHHYQHHL,0
>AIP98,FDTGAFDPDWPA,0
>AIP38,ATDKEGKDVLVCNK,0
>AHP24,EPKAIP,0
>AIP10,AEVSYVHVNGAK,0
>ACP249,GKWMTLLKHILK,0
>AIP128,GNAEKYDKMDEPQHYGKS,0
>AMP121,EGPTLGNWAREIWATLFKKA,0
>ACP278,FLPIVAKLLSGLL,0
>ACP293,PPPEE,0
>ACP114,LVPCLPGC,0
>AMP287,FLPLILRKIVTAL,0
>AIP78,EKVDNLGRSGGDIIK,0
>AIP4,AAWGGSGSEAYQGVQQKWDA,0
>ACP414,RALWGLQH,0
>AIP75,EIRLKVFVLGGCRHK,0
>AHP38,ITTNP,0
>AIP61,DKFKIFEAAFSES,0
>AMP396,FWFTLIKTQAKQPARYRRFC,0
>ACP274,FAKLLAKAFKKAL,0
>AMP8,FFGSVLKLIPKIL,0
>ACP334,DFKLFAVTIKYR,0
>ACP19,GKWLSLLKHILK,0
>ACP25,GKWMSLLKHILK,0
>AHP18,VPYPQRDMPIQA,0
>AIP123,GIGTVLDQAETAGARLVV,0
>ACP17,AVPDVAFNAYG,0
>ACP321,FLPLVGKILSGLI,0
>AMP389,MQFITDLIKKAVDFFKGLFGNK,0
>ACP376,GKWMSLWKHILK,0
>ACP433,FLPLLFGAISHLL,0
>AMP167,GLLDFAKHVIGIASKLG,0
>AHP71,LKKISQ,0
>AHP137,YRNTQ,0
>AMP36,DYTEVQRRNQLHDLR,0
>ACP225,ASSSYPLIHWRPWAR,0
>AIP87,ERQGVVGLFQPGLVG,0
>AIP39,AVFEAALTKAITAMS,0
>AHP95,ENLHLP,0
>AHP30,RLSGQTIEVTSEYLFRH,0
>AIP64,DSFVASLTEALRVIA,0
>AMP158,SGCANNTCYNVSVIVPDYQC,0
>AMP413,RTQRRGRTGRGKPGIYR,0
>AIP157,IPSLEAAVKQAYAATVAAAPQ,0
>AMP197,VAADNVIVQNSMRIS,0
>AMP138,YPGPQAKEDSEGPSQGPASREK,0
>AMP191,RLGTALPALLKTLLAGLNG,0
>AIP15,AGSKLCEKTSKT,0
>ACP162,FAKLLKLAAKKLL,0
>AIP49,DALESIMTTKSVSFR,0
>AHP88,VPPRIDSGLYLGSGY,0
>AMP422,GLFDKLKSLVSDF,0
>AHP27,YGFLP,0
>ACP491,FAKLLALALKLKL,0
>ACP142,GVGSPYVSRLLGICL,0
>AIP105,FQVAHLHAPTGSGKSTKV,0
>AMP500,TMKVDDLIVHFNMTKAVEMV,0
>AIP149,IKEEFVKIVQKRGIVK,0
>ACP146,FLPLVTMLLGKLF,0
>ACP251,FCTMIPIPRCY,0
>AIP84,EPMIGVNQELAYFYPELF,0
>AMP116,KKKKYRNIRRPG,0
>ACP86,GLFDIIKKIAESF,0
>AIP13,AGELQIIDKIDAAFKVAA,0
>ACP375,RLVSYNGIIFFLK,0
>AMP148,GLFDIIKNIVSTL,0
>ACP216,FLPIVGRLISGLL,0
>AIP160,IVGYIMHGISTINTEMK,0
>AMP30,AGFAAQAAASLAPVAIQQL,0
>AHP124,SLVYP,0
>AIP115,GAVQNEVTLTHPITKYIM,0
>ACP498,CYTQYRKCQELTA,0
>AMP160,LKLKSIVSWAKKVL,0
>ACP378,YPFPG,0
>AHP105,WVPSV,0
>AMP244,MTGRLISWWWSL,0
>AHP75,GAVGPSG,0
>AIP41,AVVESNGTLTLSHFGKC,0
>ACP80,GKWMSLLKKILK,0
>AHP70,VAGTW,0
>AMP117,CSIELSDIPLSVDFNTMID,0
>AMP44,GSRVQIRCRFRNSTR,0
>AHP41,VAHINVGK,0
>AMP256,TWFWPYPYPHLP,0
>AHP122,YYAPFE,0
>AMP67,ILGPVLGLVSDTLDDVLGIL,0
>ACP259,WALAL,0
>AHP150,LVNDLVTPVFDNL,0
>AHP55,VRTPE,0
>ACP74,FLKWLFKWAKK,0
>AHP63,APFPE,0
>ACP302,HTLLTPRR,0
>AHP6,ERGDT,0
>AIP114,GATRERSLWIIFSKNLNIKL,0
>AHP130,GPIGPP,0
>AIP121,GGGYITCPPYVEVCQ,0
>AMP410,FKVKAKVKAKVKAKVKAKKKK,0
>AIP150,IKKMLADQTVEEHIG,0
>AHP121,TQPKTNAIPY,0
>AMP231,AENTDANFYVCPPPT,0
>AIP59,DIELLKKILAGGFIQKYDSVMQ,0
>ACP51,VAKLLAKLAKKVL,0
>AHP51,KVREGTTY,0
>AHP96,SIQSQPQAFP,0
>AHP129,LLYQEP,0
>AIP101,FIPVENLETTMRSPVFTD,0
>ACP187,EGGGPQWAVGHFM,0
>ACP261,FLPLIGRVLSGIL,0
>AIP93,EVKAEQVKASKE,0
>AMP303,GTAWRWHYRARS,0
>AIP31,ARRRLLVLDAVALERWPRDG,0
>ACP307,FALALKLKKL,0
>AIP72,EEQTQQIRLQAEIFQAR,0
>AHP42,YGLYP,0
>AHP82,ALPMH,0
>AHP59,VRKGQ,0
>AHP84,LHSMKEG,0
>AMP375,FIITGLVRGLTKLF,0
>AIP120,GFPFKYVKDRVD,0
>AHP87,CVQSCSFGPLTWSCDGNTK,0
>ACP333,FAKLLAKLAKAKA,0
>AMP387,IAVVFKENIAPYKFK,0
>AHP2,QSLVYP,0
>AMP23,VDKPDYRPRPWPRPNM,0
>AMP397,KWKKALRALARHLK,0
>AMP72,QGIGVGDNDGKRGKR,0
>AHP77,LGYEN,0
>AIP159,ITREEKPAVTAAPKK,0
>AMP46,VYPYDEFVLATGDFV,0
>AHP133,LRIPVA,0
>AMP337,KQQLATEAESAGPIL,0
>ACP262,KWKLAKKALALL,0
>AIP54,DEYYIIEKMIGQVE,0
>AMP332,GFIFHIIKGLFHAGKMIHGLV,0
>ACP90,GLFDKLKSLVSDF,0
>AIP40,AVLTGYSLFQKEKMVLNEGTS,0
>AMP478,GILDVAKTLVGKLRNVLGI,0
>ACP481,GNFRYLAPP,0
>AIP16,AHPADPGSRPHLIRLFSRDA,0
>AIP108,FYPELFRQFYQLDAYPSG,0
>ACP365,FLKLLAGLLKNFA,0
>AMP297,GRRVSARMLGDVMAV,0
>ACP217,ACSAG,0
>AIP34,ASEQETADATPEKEEPTAAP,0
>ACP420,CHHALTHAC,0
>ACP23,HGVSGHGQHGVHG,0
>AHP146,HKEMPFPKYPVQPF,0
>ACP287,FAKKALKALKKL,0
>AHP22,IRWCT,0
>AHP9,ARPAK,0
>AMP190,GNNRPVYIPQPRPPHPRL,0
>AMP369,AVPAVRKTNETLD,0
>AIP155,IMILVVAAKEVWGDEQA,0
>AIP104,FNNFTVSFWLRVPKVSASHLE,0
>ACP35,AKWVGDLTLCRWR,0
>AIP82,ENGDVKFDLIPKENTERSHK,0
>AMP385,GRTTLSTRGPPRGGPG,0
>ACP355,FLPAIAGILSQLF,0
>AMP277,SSMKLSFRARAYGFRGPGPQL,0
>AHP153,EDENNPFYLR,0
>ACP335,RYLGYL,0
>AMP224,KKLMSNNVQIVRQQSYS,0
>AIP83,ENSYEKSMSVV,0
>AMP427,KQRNRWEWRPDFKSKKVKISLPC,0
>AIP131,GRTILKENIKYEVAIFVH,0
>AHP76,VAHINVWK,0
>ACP252,FLPLIGKILGTIL,0
>AMP79,DDSVVCAAMSYSYA,0
>AHP147,MEGAQEAQGD,0
>ACP45,FLFPLITSFLSKVL,0
>AIP80,ELIHVLHGLYGMQVSS,0
>ACP2,ICLRLPGC,0
>AMP269,IGLKVEAMEKFLYTAFAMQE,0
>ACP382,FALLKALKKAL,0
>AHP46,PNRIKYGD,0
>AIP20,AKQYNICCKFKELLD,0
>ACP421,EVWRLAEFLAMPP,0
>AHP12,GQKSVPEVR,0
>AMP157,GVIDAAKKVVNVLKNLF,0
>AHP29,IRYLPRG,0
>AHP108,YQKFPQYLQY,0
>AIP91,ETMTPSGLVIPENAK,0
>ACP342,FFGSVLKLIPKIL,0
>ACP489,FLPIIGKLLSGLL,0
>AMP298,GIGGKPVQTAFVDNDGIYD,0
>ACP219,FLGWLFKWAWK,0
>AHP58,RPKHPIIKKHQGLPQ,0
>ACP228,FLSAIASMLGKFL,0
>AHP103,GVYPHP,0
>AMP205,RRWKIVVIRWRR,0
>AHP110,DKVGINYW,0
>AIP18,AKFVAAWTLKAAA,0
>AHP94,VVPPFIQPE,0
>AHP20,NAQRP,0
>ACP171,FLPILGKLLSGIL,0
>AHP138,GKKVLQ,0
>AMP342,CTSDLPSSWGYMNCNCTNSSSS,0
>AIP158,IRLHSDASKNKEKALIIIKS,0
>AHP78,AKDQG,0
>AHP68,VCYNQ,0
>ACP477,FIITGLVRGLTKLF,0
>AIP2,AAPAEGEKPAEEEKPITEAA,0
>AHP43,KLPAGTLF,0
>AMP140,FCKSLPLPLSVK,0
>AHP132,LNVPGEIVE,0
>ACP354,FAKKLAKKLAKLAL,0
>AMP234,QRFSQPTFKLPQGRLTLSRKF,0
>AHP1,VPKVK,0
>AHP5,VVYPWYERF,0
>AIP99,FGAMAKKGDEQK,0
>AHP44,FRGLMHY,0
>AHP26,LKGYGGVSLPEW,0
>AIP141,IAVGLLLYCKA,0
>AHP162,DMSVF,0
>ACP57,FFPIGVFCKIFKTC,0
>AIP129,GQWRGAAGTAAQAAVVRFQE,0
>AHP64,MPFPKYPVEP,0
>AHP54,LKELQ,0
>AHP32,RMLGQTPTK,0
>AHP40,YAKPVA,0
>AHP136,DHPFLF,0
>AMP339,RICRTRLTRRAGNSL,0
>AMP181,LLGMIPLAISAISALSKL,0
>AMP136,AKKQRFRHRNRKG,0
>AMP11,TLWPWAWRHNWQ,0
>AIP139,GYYYPSDPNTFYAPPYS,0
>AIP65,DTPYLDITYHFVMQRLPL,0
>AMP258,FLFPLITSFLSKVL,0
>AHP13,PCHIAW,0
>AMP251,ALKAALLAILKIVRVIKK,0
>ACP52,FAKLLAKLAKKLL,0
>AHP67,GASRHWYFL,0
>AIP135,GTNLTHQDNVPSWGLARVGS,0
>AHP118,KEDDEEEEQEEE,0
>AIP79,ELEKYQKLNSERGVPN,0
>AIP156,INGRWIILLSKFLK,0
>AHP66,IHAQQKEP,0
>ACP138,FAKLFAKAFKKAL,0
>AHP128,EGEPR,0
>AMP177,ALPQWRIYSYAGDNIVTA,0
>AIP42,CDKKCIEWEKAQ,0
>AMP335,VETTVTTAQETKRGRIQTKK,0
>ACP268,PLLQATLGGGS,0
>AHP65,IRPVN,0
>AIP67,DYSNTHSTRYV,0
>AMP225,FLGSLIGAAIPAIKQLLGLKK,0
>AMP408,FALALKALKKALKKLKKALKKAL,0
>ACP47,FAKKLKKLAKLAKKL,0
>AHP89,VHLPP,0
>AHP113,VKELQ,0
>AMP424,GIFGKILGVGKKVLCGLSGWC,0
>ACP149,FAKKLAKLALKLAKL,0
>AHP109,VSGAGRY,0
>ACP68,EPHPDEFVGLM,0
>AMP178,DSIRDVSPTFNKIRRWFDGLFK,0
>ACP236,RLFDKIRQVIRKF,0
>ACP319,RYPAGLPFL,0
>AHP49,LPPPVH,0
>ACP206,FLGALAKIISGIF,0
>AHP158,IWHHTF,0
>AHP7,PNNKPFQ,0
>ACP337,FALALKLAKKAL,0
>ACP183,KWLRRVWRWWR,0
>AMP78,ILPIIGKILSTIF,0
>ACP398,FALLKALLKKAL,0
>ACP443,FAKLF,0
>ACP116,KKVVFKVKFK,0
>ACP111,FLSAITSLLGKLL,0
>ACP212,FLGALFHALSKLL,0
>ACP485,FAKLLAKALKLKL,0
>AIP6,ADVVLIASIDHIT,0
>AHP60,WSVPQPK,0
>ACP452,CHHNLTAAC,0
>AHP125,ESIIAF,0
>AMP45,RFIYMKGFGKPRFGKR,0
>ACP7,AKRHHGYKRKFH,0
>ACP77,LLGDFKRIVQRIKDF,0
>AMP292,INWKKIASIGKEVLKAL,0
>AMP222,GFLSILKKVLPKVMAHMK,0
>AHP148,TLDGGFIYEAGLAPYKLRPV,0
>ACP129,KRLRRVWRRWR,0
>ACP397,DFKLFAVYIKYR,0
>AMP52,CNCTNSSSSYSGTKMACPSNRG,0
>AMP280,KDVTVSQVWFGHRYS,0
>ACP122,FKVKFKVKVK,0
>AIP153,ILQQQLIPCMDVVLQQHNIA,0
>AIP113,GATRDRPLWIIFSGNMNIKL,0
>ACP147,KTCENLADTY,0
>AIP7,AEEEKPITEAAETATTEVPV,0
>ACP188,FAKLWAKLAKKL,0
>AIP89,ESKHGLTNTASHTRLSCD,0
>AIP60,DIPEQKPNIPEDSEKEVPSD,0
>AMP476,YPGHITGHRMANMMMNW,0
>AMP142,ASHLGHHALDHLLK,0
>AHP160,LIYPFVEPIP,0
>AIP48,DAATAQTLQAFLHWAITDGN,0
>AIP127,GLNGPDIYKGVYQFKSVEFD,0
>AMP340,ILPIRSLIKKLL,0
>AHP72,INDPF,0
>AIP88,ERRAKEKLQEQQRDLEQRKADTKK,0
>AMP270,RIGVLLARLPKLFSLFKLMGKKV,0
>AIP19,AKGVSLVAVKVLDCDGSGSN,0
>ACP70,GSSSGRGDSPA,0
>AIP138,GYYRRATRRVRGGDG,0
>AIP100,FGAQFITWRGIPLI,0
>AMP239,AAKIILNPKFRCKAAFC,0
>AHP141,NLDTDL,0
>AMP347,SLSRFLSFLKIVYPPAF,0
>AHP15,CVTPALR,0
>AHP57,QNIPP,0
>AMP59,FVDLKKIANIINSIFGK,0
>AHP134,AFPRS,0
>ACP117,PGMGIYLPM,0
>AIP96,FAAQKAKANKAVD,0
>AIP1,AANKQKQELDEISTNIRQAG,0
>AHP37,PSSNK,0
>AIP126,GLLAEITPDKAFQDK,0
>ACP487,FAKGVGKVGKKAL,0
>Positive_130,PRCESQLCP,1
>Positive_0,RQNSCTYSDARRWALCWSGE,1
>Positive_1,RSCIKHQCP,1
>Positive_2,AEGEFWGDSHWLQYWYEGDPAK,1
>Positive_3,AGCRLKSCA,1
>Positive_4,ALRDRPM,1
>Positive_5,APCGLLACI,1
>Positive_6,APSFCGTAMLGASRYCYSGP,1
>Positive_7,SMEPALPDWWWKMFK,1
>Positive_8,AQSNFVTWGYNVAV,1
>Positive_9,SMSIGSPYITFG,1
>Positive_10,ASSLHTI,1
>Positive_11,SNPFSKPYGLTV,1
>Positive_12,AVMGLAA,1
>Positive_13,SQWNSPPSSAAF,1
>Positive_14,SRCKTGLCQ,1
>Positive_15,CADPNSVRAMC,1
>Positive_16,CAGRRSAYC,1
>Positive_17,CAKGYRSC,1
>Positive_18,SRPRR,1
>Positive_19,SSWCMRGQYNKICMW,1
>Positive_20,CAMVSMED,1
>Positive_21,SVSVGMKPSPRP,1
>Positive_22,SWCQFEKCL,1
>Positive_23,CDDSWKC,1
>Positive_24,TALSPQ,1
>Positive_25,CEGVNGRRLR,1
>Positive_26,CEKRGDNLC,1
>Positive_27,TEPAYQRFL,1
>Positive_28,TQQPLEGHQLPY,1
>Positive_29,CGEACGGQCALPC,1
>Positive_30,CGEGHPC,1
>Positive_31,TWGHLRA,1
>Positive_32,CGLILQKNEC,1
>Positive_33,CGLSDSC,1
>Positive_34,CGNKRTRGC,1
>Positive_35,CGQKRTRGC,1
>Positive_36,CGRCNGRCLL,1
>Positive_37,VPNTNSLPAAVN,1
>Positive_38,VPWMEPAYQRFL,1
>Positive_39,CGRGDNLPC,1
>Positive_40,CGSLVRC,1
>Positive_41,CGSPGWVRC,1
>Positive_42,CGTRVDHC,1
>Positive_43,CGVCNGRCGL,1
>Positive_44,WCCRQFN,1
>Positive_45,WESLYFPRE,1
>Positive_46,WGKIEDPLRA,1
>Positive_47,WPLHTSVYPPSP,1
>Positive_48,CKSCNGRCLA,1
>Positive_49,CLSCNGRCPS,1
>Positive_50,WRVLAAF,1
>Positive_51,CLSGSLSC,1
>Positive_52,CMEMGVKC,1
>Positive_53,WWCLGERVVRCAH,1
>Positive_54,CNAGESTKNC,1
>Positive_55,YPHYSLPGSSTL,1
>Positive_56,CNKTDGDEGVTC,1
>Positive_57,CNNVGSYC,1
>Positive_58,YSINDWH,1
>Positive_59,CPIEDRPMC,1
>Positive_60,CPNGRC,1
>Positive_61,CPSDLKDAC,1
>Positive_62,CPTCNGRCVR,1
>Positive_63,CQLAAVC,1
>Positive_64,CQSCNGRCVR,1
>Positive_65,CRCCNGRCSP,1
>Positive_66,CRGDSAC,1
>Positive_67,CRMTRNKPC,1
>Positive_68,CRRTNWQGAGC,1
>Positive_69,CRTCNGRCQV,1
>Positive_70,CRVSRQNKC,1
>Positive_71,CSCCNGRCGD,1
>Positive_72,CSDGQHYWC,1
>Positive_73,CSNIDARAC,1
>Positive_74,CSRPRRSWC,1
>Positive_75,CTDFPRSFC,1
>Positive_76,CTECNGRCQ,1
>Positive_77,CTTHWGFTLC,1
>Positive_78,CWWRLEGC,1
>Positive_79,CYDSWHYWC,1
>Positive_80,DTCRALRCN,1
>Positive_81,EDCTSRFCS,1
>Positive_82,FDHSSKWTRTSP,1
>Positive_83,FGCVMASCR,1
>Positive_84,FPCEGKKCL,1
>Positive_85,FRVGVADV,1
>Positive_86,FSLLDAR,1
>Positive_87,FWTERAGWAY,1
>Positive_88,FYCVIERLGVCLY,1
>Positive_89,GCNGRC,1
>Positive_90,GGCLQILPTLSECFGR,1
>Positive_91,GHLIPLRQPSH,1
>Positive_92,GICKDLWCQ,1
>Positive_93,GLLLVVP,1
>Positive_94,GLPVKWS,1
>Positive_95,GNIIPDRPMHPT,1
>Positive_96,GRRIAGPYIALE,1
>Positive_97,GRRPMKLNKTP,1
>Positive_98,GSPQCPGGFNCPRCDCGAGY,1
>Positive_99,HGKYFVS,1
>Positive_100,HHEWTHHWPPP,1
>Positive_101,HHTRFVS,1
>Positive_102,HNAYWHWPPSMT,1
>Positive_103,IASVRWA,1
>Positive_104,KEPAYQRFL,1
>Positive_105,KMGPKVW,1
>Positive_106,KRCSSSLCA,1
>Positive_107,KSLSRHDHIHHH,1
>Positive_108,KYGLCRDETVFPSHSCTFTG,1
>Positive_109,LDKKTTS,1
>Positive_110,LIAKTALPQTNK,1
>Positive_111,LPGMMG,1
>Positive_112,LPNFCMDTSGRAGPLCMGSE,1
>Positive_113,LTLRWVGLMS,1
>Positive_114,LTVLPW,1
>Positive_115,LYPLHTYTPLSLPLF,1
>Positive_116,MAKHAM,1
>Positive_117,MTQMIS,1
>Positive_118,NGRSL,1
>Positive_119,NISRCTHPFMACGKQS,1
>Positive_120,NSVRGSR,1
>Positive_121,NTLPPFSPPSPP,1
>Positive_122,PGVIPWN,1
>Positive_123,PICEVSRCW,1
>Positive_124,PMMRQRPM,1
>Positive_125,PQNSKIPGPTFLDPH,1
>Positive_126,QCTGRF,1
>Positive_127,QRLGNQWAVGHLM,1
>Positive_128,QSADRSV,1
>Positive_129,RPARPAR,1
>AHP50,LVYPFTGPIPN,0
>AMP125,GHHPHGHHPHGHHPHGHHHPH,0
>AMP132,GVGYKVVVTTTAAADDDDVV,0
>AMP331,RQMRAWGQDYQHGGMGYSC,0
>AMP5,FLPFLAKILTGVL,0
>AMP16,HVNDMLGRVAIAWCE,0
>AHP69,LFDKPVSPL,0
>AIP81,ELQKKIYVIEGTSKQDLTSF,0
>AHP155,VIPEL,0
>AHP21,WALKGYK,0
>AMP42,AKDEMEECASHLPYEA,0
>AMP477,DPKPKKNKKPKNPTP,0
>AIP161,KAERADLIAYLKQATAK,0
>AHP116,VVYPW,0
>ACP12,KFKKLAKKF,0
>AHP8,PAHIAW,0
>AIP77,EKPKFEAYKAAAAPA,0
>AMP1,TKFPSVYAWERKKISNCVAD,0
>AHP14,KFHSGIQSEPKAIP,0
>AIP3,AARLFKAFILDG,0
>AHP36,EVLNENLLRF,0
>AIP146,IDYFDARLLPGVFTV,0
>AMP193,PSCVCSGFETSGIHFC,0
>AHP104,FGASTRGA,0
>AMP20,RRRWIVVIWRRR,0
>ACP416,FMPIIGRLMSGSL,0
>AIP14,AGLLGVVSTVLLGGV,0
>AMP384,HEFVPLEVYTRHEIK,0
>AMP365,DTRACDVIPLL,0
>AHP31,TPWVPPFLQP,0
>ACP494,FAKLLAKLAKLKL,0
>AIP92,ETTMRSPVFTDNSSPPAV,0
>AIP152,ILIIFIFRRDLLCPLGALCI,0
>ACP457,FLPPSPWKETFRTS,0
>AMP60,FLRFIGSVIHGIGHLVHHIGVAL,0
>ACP53,PGLGFY,0
>AHP107,LQYIR,0
>ACP78,FLSSIGKILGNLL,0
>AHP48,LDIQK,0
>AMP49,GLHKVMREVLGYERNSYKKFFLR,0
>AMP326,DFRRLPGAFWQLRQP,0
>AMP300,AGAGTGATAIGMVTQYHQVL,0
>AMP38,RPEGQNYTEGIAVVF,0
>AMP124,NCVKMLCTHTGTGQAITVTP,0
>AIP8,AEERADIAESQVNKLRAK,0
>ACP300,GMWKKILGKLIR,0
>ACP317,GMWSKILKHLIR,0
>AHP101,IAYKPAG,0
>ACP336,FIGPIISALASLFG,0
>AMP304,LLFGKIISRLLGN,0
>AMP210,CVWGGDCTDFLGCGTAWICV,0
>AIP145,IDIDLCDICTNTMDV,0
>AMP436,LTKKTKKQKRNLVGTT,0
>AIP137,GVFNYETETTSVIPAA,0
>AHP91,SRGKQ,0
>AIP45,CLLCAYSIEFGTNISK,0
>AHP159,VKAGF,0
>ACP419,FVLPLVMCKILRKC,0
>AHP140,IDALNENK,0
>AHP28,RIGLF,0
>AIP24,ALSTLVVNKIRGTFK,0
>AHP81,LNENLLRFFVAPFPEVFG,0
>ACP444,PRFWEAWLRLME,0
>AMP55,GPVGLLSSPGSLPPVGGAP,0
>AIP94,EVKYTVFETALK,0
>AHP126,TKTGRSAHVLSRYRPRA,0
>AHP4,GRVMP,0
>AMP200,FLGVVFKLASKVFPAVFGKV,0
>ACP63,VNWKKILPKIIKVVK,0
>AIP32,ARSALILRGSVAHKSCLPACVYGP,0
>AIP57,DHAREVKEKKRIMNDKKLIR,0
>AHP117,DVPSERYLG,0
>ACP358,RQVFQVAYIIIKA,0
>ACP265,KFKKLAKKW,0
>AHP120,LSMGSASLSP,0
>AIP147,IEAAASAIQGNVTSIHSLLD,0
>AIP43,CGKYLFNWAVRTKLKLTPIA,0
>ACP357,KIFGSLAFL,0
>AHP34,GAPGPAGPGGIPGERG,0
>ACP195,PRFWEYALRLME,0
>ACP38,SPWPRPTY,0
>AIP142,ICDECHSTDATSISGIGT,0
>AHP135,PRKEKLCTTS,0
>AIP12,AFILDGDNLFPKVAPQAISSV,0
>ACP379,CHHNATHAC,0
>AMP465,SSGLYHVTNDCPNSSIVY,0
>ACP55,VECYGPNRPQF,0
>AMP186,GLWRFWFGDFLT,0
>AMP350,QLYENKPRRPYIL,0
>AMP462,VLHTGYRKFLHRSKRFFHLR,0
>AMP325,GCSRWIIGIHGQICRD,0
>AIP130,GRTGRGKPGIYRFVAPGE,0
>AIP63,DSDKNPLFLDEQLIRAEFQR,0
>ACP282,KLLLKLKLKLLK,0
>AMP253,LGPALITRKPLKGKP,0
>AIP132,GSENKRTGALGNLKN,0
>AIP107,FVDGKEVTSKPANKVS,0
>AHP102,QLDAYPSGAWYYVP,0
>AHP47,KKYMVPQL,0
>AHP154,PTHIK,0
>AMP299,FLPLIGRVLSGIL,0
>AHP151,VIGSPPEIN,0
>AMP40,RGILIHNTIFGEQVF,0
>AHP157,ERYPI,0
>ACP400,MTLTG,0
>AIP69,ECKETVPMNCSSYA,0
>ACP496,FAKLLFKALKKAL,0
>ACP437,TILAEIKNINAD,0
>AIP154,IMDINKRKYDSLK,0
>AMP322,NNWWYWWDTLVN,0
>AHP53,YRGGLEPINF,0
>AMP172,SIWRDWVDLICEFLSDWK,0
>AMP345,GLVGTLLGHIGKAILG,0
>AIP74,EHYDKFERMIKEHTEKFNKK,0
>AMP395,GSSSGRGDSPA,0
>AHP90,MLPAY,0
>AIP144,ICKINVAVNIEPQTY,0
>AIP33,ASDVETAEGGEIHELLRLQ,0
>AHP92,LSPQSY,0
>AHP114,LRCGG,0
>AHP16,AHIII,0
>AHP119,PGQLQSF,0
>AIP66,DWTGGALLVLYSFALMLIII,0
>AMP133,HGVSGHGQHGVHG,0
>AMP185,RLGVRATRKTSERSQPRG,0
>ACP402,FKLAFKLAKKAFL,0
>ACP56,LKLKSIVSWAKKVL,0
>AMP195,ATAGWTFGAGAALQIPFAMQMAY,0
>ACP285,GKWSKILGHLIR,0
>AHP73,EDPGA,0
>ACP351,LIAHNQVRQV,0