Id,Sequence,label,,,,
Positive_0,LTVSPWT,1,,,,
Positive_1,GGCRGDMFGC,1,,,,
Positive_2,CALRDRPMC,1,,,,
Positive_3,KRCSSSLCA,1,,,,
Positive_4,GLWQGP,1,,,,
Positive_5,CVRIRPC,1,,,,
Positive_6,CRGDKTTNC,1,,,,
Positive_7,CRGRRST,1,,,,
Positive_8,CHVLWSTRC,1,,,,
Positive_9,RGEPAYQRFL,1,,,,
Positive_10,QPENLPT,1,,,,
Positive_11,YSINDWH,1,,,,
Positive_12,IELLQAR,1,,,,
Positive_13,NQPTRAL,1,,,,
Positive_14,SGWCYRC,1,,,,
Positive_15,CPIEDRPMC,1,,,,
Positive_16,QEPAYQRFL,1,,,,
Positive_17,FDDARL,1,,,,
Positive_18,MAKHAM,1,,,,
Positive_19,EACEMAGCL,1,,,,
Positive_20,PLASRPM,1,,,,
Positive_21,GHGKHKNK,1,,,,
Positive_22,GICKDLWCQ,1,,,,
Positive_23,AQGIVLQLAL,1,,,,
Positive_24,CNAGESSKNC,1,,,,
Positive_25,CKAAKNK,1,,,,
Positive_26,ATLDGVS,1,,,,
Positive_27,CTQDRQHPC,1,,,,
Positive_28,CKGAKAR,1,,,,
Positive_29,CSRPRRSVC,1,,,,
Positive_30,CWSGVDC,1,,,,
Positive_31,CNRRTKAGC,1,,,,
Positive_32,PRCESQLCP,1,,,,
Positive_33,APCGLLACI,1,,,,
Positive_34,CYLGVSNC,1,,,,
Positive_35,CSMSAKKKC,1,,,,
Positive_36,MARSGL,1,,,,
Positive_37,LVRRWYL,1,,,,
Positive_38,AGCINGLCG,1,,,,
Positive_39,GCNGRC,1,,,,
Positive_40,MTQMIS,1,,,,
Positive_41,SWCQFEKCL,1,,,,
Positive_42,PGVIPWN,1,,,,
Positive_43,LTVSLWT,1,,,,
Positive_44,RSGRVSN,1,,,,
Positive_45,NTHMTAF,1,,,,
Positive_46,VTCRSLMCQ,1,,,,
Positive_47,LTVSPWY,1,,,,
Positive_48,CRTTRGTKC,1,,,,
Positive_49,RWRTNF,1,,,,
Positive_50,CWLCNGRCGR,1,,,,
Positive_51,FTDIRL,1,,,,
Positive_52,GRDS,1,,,,
Positive_53,CEMCNGRCMG,1,,,,
Positive_54,TLTYTWS,1,,,,
Positive_55,PICEVSRCW,1,,,,
Positive_56,CRGDSAC,1,,,,
Positive_57,CGLSDSC,1,,,,
Positive_58,IHWRPWAR,1,,,,
Positive_59,HKNKGKKN,1,,,,
Positive_60,NVVRQ,1,,,,
Positive_61,LQNPTPE,1,,,,
Positive_62,CYSYFLAC,1,,,,
Positive_63,CPRGSRC,1,,,,
Positive_64,QACPMLLCM,1,,,,
Positive_65,PIEDRPM,1,,,,
Positive_66,CGNKRTRGC,1,,,,
Positive_67,CSKCNGRCGH,1,,,,
Positive_68,CGRGDMPSC,1,,,,
Positive_69,CVMVRDGDC,1,,,,
Positive_70,AGTRMSWEVL,1,,,,
Positive_71,CISLDRSC,1,,,,
Positive_72,CSNIDARAC,1,,,,
Positive_73,CRGDGWC,1,,,,
Positive_74,TTREKNL,1,,,,
Positive_75,CRCCNGRCSP,1,,,,
Positive_76,DRWRPALP,1,,,,
Positive_77,SQRQTLD,1,,,,
Positive_78,CLSRYLDQC,1,,,,
Positive_79,KLWCAMS,1,,,,
Positive_80,VPCRFKQCW,1,,,,
Positive_81,CYVELHC,1,,,,
Positive_82,KGHHGKHG,1,,,,
Positive_83,FRCLERVCT,1,,,,
Positive_84,TDLGAM,1,,,,
Positive_85,LPGMMG,1,,,,
Positive_86,DVGTTE,1,,,,
Positive_87,CGRCNGRCLL,1,,,,
Positive_88,QFDEPR,1,,,,
Positive_89,PHSPTSL,1,,,,
Positive_90,WRNTIA,1,,,,
Positive_91,CGSLVRC,1,,,,
Positive_92,CRSRKG,1,,,,
Positive_93,YPTPYDI,1,,,,
Positive_94,CPEKFRPMC,1,,,,
Positive_95,CGLSGLGVA,1,,,,
Positive_96,CTDFPRSFC,1,,,,
Positive_97,LRTNVVH,1,,,,
Positive_98,VSRSSRWGSI,1,,,,
Positive_99,RGDF,1,,,,
Positive_100,LSPLLSPATA,1,,,,
Positive_101,NRCRGVSCT,1,,,,
Positive_102,WTCRASWCS,1,,,,
Positive_103,RGDPAYQRFL,1,,,,
Positive_104,SPGSWTW,1,,,,
Positive_105,TWGHLRA,1,,,,
Positive_106,CGKRK,1,,,,
Positive_107,CGLIIQRNEC,1,,,,
Positive_108,CIRSAVSC,1,,,,
Positive_109,CAVCNGRCGF,1,,,,
Positive_110,CGEGHPC,1,,,,
Positive_111,WEEPAYQRFL,1,,,,
Positive_112,CTPSPPFSHC,1,,,,
Positive_113,AGQTLTASGD,1,,,,
Positive_114,ICLLAHCA,1,,,,
Positive_115,GRSQMQI,1,,,,
Positive_116,SLVSFLG,1,,,,
Positive_117,KGCGTRQCW,1,,,,
Positive_118,ALRDRPM,1,,,,
Positive_119,GSVLPVL,1,,,,
Positive_120,AGTRMSWEV,1,,,,
Positive_121,GGGTRAGMKY,1,,,,
Positive_122,FSDARL,1,,,,
Positive_123,CRTCNGRCLE,1,,,,
Positive_124,AIHSELMWVS,1,,,,
Positive_125,PTEAQLQ,1,,,,
Positive_126,CRGDAGINC,1,,,,
Positive_127,RPARPAR,1,,,,
Positive_128,CAMVSMED,1,,,,
Positive_129,CGTRVDHC,1,,,,
Positive_130,CALIIQKNEC,1,,,,
Positive_131,CSPQSQPMC,1,,,,
Positive_132,ASSLHTI,1,,,,
Positive_133,RHCFSQWCS,1,,,,
Positive_134,YRCIARECE,1,,,,
Positive_135,CGRRAGGSC,1,,,,
Positive_136,CSRPRRSWC,1,,,,
Positive_137,DLLAVSWLRA,1,,,,
Positive_138,CKTRVSCGV,1,,,,
Positive_139,NLYYASW,1,,,,
Positive_140,LWAEMTG,1,,,,
Positive_141,QSRLSLG,1,,,,
Positive_142,VWRTGHL,1,,,,
Positive_143,WIEPAYQRFL,1,,,,
Positive_144,PEKFRPM,1,,,,
Positive_145,STKLLHE,1,,,,
Positive_146,FSLLDAR,1,,,,
Positive_147,ELIKESR,1,,,,
Positive_148,GRGDSPK,1,,,,
Positive_149,YIHYIF,1,,,,
Positive_150,INGKVT,1,,,,
Positive_151,LTVTPWL,1,,,,
Positive_152,CPIDERPMC,1,,,,
Positive_153,LGTDVRQ,1,,,,
Positive_154,CGRGDSPDC,1,,,,
Positive_155,RIHYIF,1,,,,
Positive_156,SKSSGVS,1,,,,
Positive_157,STVATSQ,1,,,,
Positive_158,LSMFTRP,1,,,,
Positive_159,CLSGSLSC,1,,,,
Positive_160,LEPAYQRFL,1,,,,
Positive_161,CMEMGVKC,1,,,,
Positive_162,GLLLVVP,1,,,,
Positive_163,RWCREKSCW,1,,,,
Positive_164,IDLMQAR,1,,,,
Positive_165,CLVVHEAAC,1,,,,
Positive_166,CAKGYRSC,1,,,,
Positive_167,CRVSRQNKC,1,,,,
Positive_168,CSRPRRSEC,1,,,,
Positive_169,CSDYNHHWC,1,,,,
Positive_170,GMMYRS,1,,,,
Positive_171,PFKLSKH,1,,,,
Positive_172,FRVGVADV,1,,,,
Positive_173,EEPAYQRFL,1,,,,
Positive_174,HHTRFVS,1,,,,
Positive_175,CGSPGWVRC,1,,,,
Positive_176,RTRYED,1,,,,
Positive_177,HGKYFVS,1,,,,
Positive_178,CRRHWGFEFC,1,,,,
Positive_179,CPEHRSLVC,1,,,,
Positive_180,QCTGRF,1,,,,
Positive_181,HEVVAG,1,,,,
Positive_182,SKVLYYNWE,1,,,,
Positive_183,CAGRRSAYC,1,,,,
Positive_184,CSCCNGRCGD,1,,,,
Positive_185,IWSGYGVYW,1,,,,
Positive_186,WSCADRTCM,1,,,,
Positive_187,CDTAVVEGL,1,,,,
Positive_188,CPSDLKDAC,1,,,,
Positive_189,KCCYSL,1,,,,
Positive_190,CPGPEGAGC,1,,,,
Positive_191,GPLPLR,1,,,,
Positive_192,LDKKTTS,1,,,,
Positive_193,CVPCNGRCHE,1,,,,
Positive_194,PNPNNST,1,,,,
Positive_195,CQLAAVC,1,,,,
Positive_196,CTGSWLGC,1,,,,
Positive_197,SRCKTGLCQ,1,,,,
Positive_198,CREKA,1,,,,
Positive_199,GNGRAHA,1,,,,
Positive_200,CPRECESIC,1,,,,
Positive_201,MFCRMRSCD,1,,,,
Positive_202,WAEPAYQRFL,1,,,,
Positive_203,CRGSGAGRC,1,,,,
Positive_204,CYDSWHYWC,1,,,,
Positive_205,MTKSAG,1,,,,
Positive_206,VASVSVA,1,,,,
Positive_207,CRGDHAGDC,1,,,,
Positive_208,TSCDPSLCE,1,,,,
Positive_209,GSFAFLV,1,,,,
Positive_210,RIPLEM,1,,,,
Positive_211,PKWLLFS,1,,,,
Positive_212,QWCSRRWCT,1,,,,
Positive_213,CRGDRGPDC,1,,,,
Positive_214,CEKRGDNLC,1,,,,
Positive_215,WGKIEDPLRA,1,,,,
Positive_216,CSVANSC,1,,,,
Positive_217,CEKRGDSLC,1,,,,
Positive_218,CGECNGRCVE,1,,,,
Positive_219,CNAGESSRNC,1,,,,
Positive_220,CLSCNGRCPS,1,,,,
Positive_221,CGRGDNLAC,1,,,,
Positive_222,CTGRGDALC,1,,,,
Positive_223,DLPMHPM,1,,,,
Positive_224,CVLCNGRCWS,1,,,,
Positive_225,TSAVRT,1,,,,
Positive_226,WLEPAYQRFL,1,,,,
Positive_227,WWAMKP,1,,,,
Positive_228,SIDSTTF,1,,,,
Positive_229,LTYQTWP,1,,,,
Positive_230,CPIRPMEDC,1,,,,
Positive_231,WWSGLEA,1,,,,
Positive_232,FQHPSFI,1,,,,
Positive_233,CGETMRC,1,,,,
Positive_234,RGDGWK,1,,,,
Positive_235,LTVLPW,1,,,,
Positive_236,KEPAYQRFL,1,,,,
Positive_237,CIRCNGRCSV,1,,,,
Positive_238,CRLGIAC,1,,,,
Positive_239,WIFPWIQL,1,,,,
Positive_240,CEKRGDSVC,1,,,,
Positive_241,IMYPGWL,1,,,,
Positive_242,CDPSRGKNC,1,,,,
Positive_243,CVSNPRWKC,1,,,,
Positive_244,QFQSQPM,1,,,,
Positive_245,WQEPAYQRFL,1,,,,
Positive_246,CGLIIQKNEC,1,,,,
Positive_247,RLQLKL,1,,,,
Positive_248,TARGSSR,1,,,,
Positive_249,FPCEGKKCL,1,,,,
Positive_250,WTEPAYQRFL,1,,,,
Positive_251,CDCRGDCFC,1,,,,
Positive_252,AGCRLKSCA,1,,,,
Positive_253,GGHTRQ,1,,,,
Positive_254,ITDMAA,1,,,,
Positive_255,CSNRDARRC,1,,,,
Positive_256,LVGVRLL,1,,,,
Positive_257,MSRTMS,1,,,,
Positive_258,CRMTRNKPC,1,,,,
Positive_259,FAATSAE,1,,,,
Positive_260,CPHNLTKLC,1,,,,
Positive_261,MTRQIG,1,,,,
Positive_262,MTKCRG,1,,,,
Positive_263,MVWSKGPLFL,1,,,,
Positive_264,FMEIET,1,,,,
Positive_265,PSTLTSS,1,,,,
Positive_266,CWWRLEGC,1,,,,
Positive_267,FGCVMASCR,1,,,,
Positive_268,DTLRLRI,1,,,,
Positive_269,GICKDDWCQ,1,,,,
Positive_270,HTFEPGV,1,,,,
Positive_271,CGTKRKC,1,,,,
Positive_272,CASLSCR,1,,,,
Positive_273,FNDYRL,1,,,,
Positive_274,FSDTRL,1,,,,
Positive_275,CRGDKGPDC,1,,,,
Positive_276,CPNGRC,1,,,,
Positive_277,CTECNGRCQ,1,,,,
Positive_278,RSCIKHQCP,1,,,,
Positive_279,TAASGVRSMH,1,,,,
Positive_280,CEVCNGRCAL,1,,,,
Positive_281,ISLLGAR,1,,,,
Positive_282,WESLYFPRE,1,,,,
Positive_283,CKGGRAKDC,1,,,,
Positive_284,LTVSPLWD,1,,,,
Positive_285,LPAMPNS,1,,,,
Positive_286,ARCRVDPCV,1,,,,
Positive_287,RLCSLYGCV,1,,,,
Positive_288,YMFWTSR,1,,,,
Positive_289,FYCPGVGCR,1,,,,
Positive_290,CSSTMRC,1,,,,
Positive_291,CLDGGRPKC,1,,,,
Positive_292,YRCREVLCQ,1,,,,
Positive_293,WCCRQFN,1,,,,
Positive_294,CPLCNGRCAR,1,,,,
Positive_295,CSDWQHPWC,1,,,,
Positive_296,CSGRGDSLC,1,,,,
Positive_297,AVMGLAA,1,,,,
Positive_298,MARAKE,1,,,,
Positive_299,CPLCNGRCAL,1,,,,
Positive_300,NACESAICG,1,,,,
Positive_301,CRNCNGRCEG,1,,,,
Positive_302,GLPVKWS,1,,,,
Positive_303,IASVRWA,1,,,,
Positive_304,VLTVQPW,1,,,,
Positive_305,TSPTNRS,1,,,,
Positive_306,GRWYKWA,1,,,,
Positive_307,PSTNHAL,1,,,,
Positive_308,CAKIDPELC,1,,,,
Positive_309,LFAQLGP,1,,,,
Positive_310,IILLQGR,1,,,,
Positive_311,FVDVRL,1,,,,
Positive_312,PSCAYMCIT,1,,,,
Positive_313,AGCRVESC,1,,,,
Positive_314,MTRNLQ,1,,,,
Positive_315,CRGDHAANC,1,,,,
Positive_316,KAMSWYA,1,,,,
Positive_317,KHGHGHGK,1,,,,
Positive_318,CKALSQAC,1,,,,
Positive_319,CWGCNGRCRM,1,,,,
Positive_320,PLRIAQH,1,,,,
Positive_321,WGTGLC,1,,,,
Positive_322,ISLLQAR,1,,,,
Positive_323,LECVVDSCR,1,,,,
Positive_324,SRHDLNS,1,,,,
Positive_325,CVTCNGRCRV,1,,,,
Positive_326,TEPAYQRFL,1,,,,
Positive_327,CKSCNGRCLA,1,,,,
Positive_328,LTVQPWP,1,,,,
Positive_329,HTCLVALCA,1,,,,
Positive_330,APSQTYH,1,,,,
Positive_331,PIHYIF,1,,,,
Positive_332,CLSDGK,1,,,,
Positive_333,IFSGSRE,1,,,,
Positive_334,CELSLISKC,1,,,,
Positive_335,WKEPAYQRFL,1,,,,
Positive_336,CGQKRTRGC,1,,,,
Positive_337,CEYQLDVE,1,,,,
Positive_338,IKARASP,1,,,,
Positive_339,CGLIINKNEC,1,,,,
Positive_340,EICVDGLCV,1,,,,
Positive_341,QSADRSV,1,,,,
Positive_342,QPPMEYS,1,,,,
Positive_343,RSCAEPWCY,1,,,,
Positive_344,CRGDCF,1,,,,
Positive_345,FSDMRL,1,,,,
Positive_346,CGRGDNLPC,1,,,,
Positive_347,PMAHLEF,1,,,,
Positive_348,CRGDKGPEC,1,,,,
Positive_349,CWRKFYC,1,,,,
Positive_350,CAQLLQVSC,1,,,,
Positive_351,CFWPNRC,1,,,,
Positive_352,ADCRQKPCL,1,,,,
Positive_353,DSNAES,1,,,,
Positive_354,SKGLRHR,1,,,,
Positive_355,CNAGESTKNC,1,,,,
Positive_356,PIDERPM,1,,,,
Positive_357,LTLRWVGLMS,1,,,,
Positive_358,WRVLAAF,1,,,,
Positive_359,CVQCNGRCAL,1,,,,
Positive_360,HPLRLPA,1,,,,
Positive_361,CNAAESSKNC,1,,,,
Positive_362,VRNSLRN,1,,,,
Positive_363,CNAGDSSKNC,1,,,,
Positive_364,TALSPQ,1,,,,
Positive_365,CTPSPFSHC,1,,,,
Positive_366,CGVCNGRCGL,1,,,,
Positive_367,LTVEPWL,1,,,,
Positive_368,CGKRGDSIC,1,,,,
Positive_369,NSVRGSR,1,,,,
Positive_370,EDCTSRFCS,1,,,,
Positive_371,IYCPGQECE,1,,,,
Positive_372,FWTERAGWAY,1,,,,
Positive_373,CSDSWHYWC,1,,,,
Positive_374,CRTCNGRCQV,1,,,,
Negative_0,LVLCSQD,0,,,,
Negative_1,KKAAK,0,,,,
Negative_2,TAGEGELSVR,0,,,,
Negative_3,GGGKAAVA,0,,,,
Negative_4,QAYASKSEAA,0,,,,
Negative_5,GGATFAALIV,0,,,,
Negative_6,QREFYL,0,,,,
Negative_7,DMTAVG,0,,,,
Negative_8,LHSYGWFF,0,,,,
Negative_9,SLCVLGYCIL,0,,,,
Negative_10,KNLDS,0,,,,
Negative_11,IKVEK,0,,,,
Negative_12,NEYPNIDFE,0,,,,
Negative_13,SYRYFMT,0,,,,
Negative_14,VTFQE,0,,,,
Negative_15,VKTMN,0,,,,
Negative_16,SEGTL,0,,,,
Negative_17,VAEQGVMA,0,,,,
Negative_18,SITRTT,0,,,,
Negative_19,AIGIF,0,,,,
Negative_20,PPDEK,0,,,,
Negative_21,FSMLF,0,,,,
Negative_22,GAMDD,0,,,,
Negative_23,IENNLLKW,0,,,,
Negative_24,LSSHEL,0,,,,
Negative_25,LKPVQEFFG,0,,,,
Negative_26,AAMLL,0,,,,
Negative_27,PIRVLRNNVV,0,,,,
Negative_28,PIFRNGNWAF,0,,,,
Negative_29,LNDPSFD,0,,,,
Negative_30,HSYFDY,0,,,,
Negative_31,EPVPAIMRA,0,,,,
Negative_32,VIVIF,0,,,,
Negative_33,KENNKNDKKI,0,,,,
Negative_34,GREKM,0,,,,
Negative_35,AKKAIASFKI,0,,,,
Negative_36,GFFAVPKVIE,0,,,,
Negative_37,MTIDEVAEE,0,,,,
Negative_38,WDIPEPAERY,0,,,,
Negative_39,RAKAALV,0,,,,
Negative_40,VKGQWF,0,,,,
Negative_41,DSELSAR,0,,,,
Negative_42,KLRVAEKII,0,,,,
Negative_43,SDFKVTREVD,0,,,,
Negative_44,EEDMSLD,0,,,,
Negative_45,RVADLL,0,,,,
Negative_46,EIGLKHLQVA,0,,,,
Negative_47,FSISSP,0,,,,
Negative_48,AHEDH,0,,,,
Negative_49,IEQVGAKL,0,,,,
Negative_50,SAGARKGF,0,,,,
Negative_51,TGTNGEIR,0,,,,
Negative_52,AETDYEM,0,,,,
Negative_53,GAAAGMAAAY,0,,,,
Negative_54,KDDLDS,0,,,,
Negative_55,HQTAK,0,,,,
Negative_56,DDEEGIWA,0,,,,
Negative_57,LIQRLGLRR,0,,,,
Negative_58,MGAWWLF,0,,,,
Negative_59,TTFANVVN,0,,,,
Negative_60,GPHDLRSPV,0,,,,
Negative_61,RRGANFSL,0,,,,
Negative_62,EPRAGAQV,0,,,,
Negative_63,TKGAL,0,,,,
Negative_64,KQSES,0,,,,
Negative_65,SAPTKSL,0,,,,
Negative_66,DQILNSPYV,0,,,,
Negative_67,HELAKQSKAQ,0,,,,
Negative_68,KANIIPSFD,0,,,,
Negative_69,VPADL,0,,,,
Negative_70,AKVLNTEE,0,,,,
Negative_71,SHSTTL,0,,,,
Negative_72,GAGDNRS,0,,,,
Negative_73,VLKLGTKER,0,,,,
Negative_74,TEGIGIGETV,0,,,,
Negative_75,RDDLRDG,0,,,,
Negative_76,EIDRI,0,,,,
Negative_77,PPKFGRC,0,,,,
Negative_78,LAKEVGLKD,0,,,,
Negative_79,QTAREFSGE,0,,,,
Negative_80,HKFNKLIR,0,,,,
Negative_81,QTVSAVNGA,0,,,,
Negative_82,KDFTLTL,0,,,,
Negative_83,DNLILAI,0,,,,
Negative_84,FNQFEVF,0,,,,
Negative_85,SLGQNKI,0,,,,
Negative_86,LGSSSTAK,0,,,,
Negative_87,HTPHLPV,0,,,,
Negative_88,GGNVSA,0,,,,
Negative_89,QIKRMLGI,0,,,,
Negative_90,AAHIVQE,0,,,,
Negative_91,QRNLI,0,,,,
Negative_92,PISDNK,0,,,,
Negative_93,LNLLQC,0,,,,
Negative_94,GLTIR,0,,,,
Negative_95,NDELT,0,,,,
Negative_96,ATEMTEGEA,0,,,,
Negative_97,LAEYKVPG,0,,,,
Negative_98,ESIKSQ,0,,,,
Negative_99,IHHSPAL,0,,,,
Negative_100,TAGQERYRAV,0,,,,
Negative_101,SLGETYTSTV,0,,,,
Negative_102,LLNDLQR,0,,,,
Negative_103,YEENDQ,0,,,,
Negative_104,HALMRKTDS,0,,,,
Negative_105,NEKNGNST,0,,,,
Negative_106,VQFHQTREH,0,,,,
Negative_107,LGSNDR,0,,,,
Negative_108,EPFAALAF,0,,,,
Negative_109,MFAHPGKKLM,0,,,,
Negative_110,QARLRFSIK,0,,,,
Negative_111,VIGDVHL,0,,,,
Negative_112,FDKQSASE,0,,,,
Negative_113,VNYGWLIR,0,,,,
Negative_114,IKWKVTV,0,,,,
Negative_115,GDRSGGKGRP,0,,,,
Negative_116,AAIAEALAAG,0,,,,
Negative_117,SSITEK,0,,,,
Negative_118,TDLIFHVLVL,0,,,,
Negative_119,TILTI,0,,,,
Negative_120,FAEEEENS,0,,,,
Negative_121,AEFVRLLRG,0,,,,
Negative_122,VNNMVVGVT,0,,,,
Negative_123,LDQSQK,0,,,,
Negative_124,NDVAKLRPG,0,,,,
Negative_125,SGKHKGRA,0,,,,
Negative_126,QAVNITKLA,0,,,,
Negative_127,IPDDDQLWQA,0,,,,
Negative_128,LVFYATCLVF,0,,,,
Negative_129,VDEFAA,0,,,,
Negative_130,TGTSILVDA,0,,,,
Negative_131,FQARGETKL,0,,,,
Negative_132,GDGQVQAA,0,,,,
Negative_133,QVAGQNKVV,0,,,,
Negative_134,SVDTGNKAG,0,,,,
Negative_135,GYYNLLRIA,0,,,,
Negative_136,RKVSSLVRGS,0,,,,
Negative_137,LARMQ,0,,,,
Negative_138,KYKAEII,0,,,,
Negative_139,GAACHYLGH,0,,,,
Negative_140,VVKGLRKKE,0,,,,
Negative_141,SDRGGQIT,0,,,,
Negative_142,LRPAFDKEG,0,,,,
Negative_143,GLHWDGEV,0,,,,
Negative_144,TPLFPK,0,,,,
Negative_145,LLQQVGE,0,,,,
Negative_146,RTKRAPK,0,,,,
Negative_147,KAVPGFYGTR,0,,,,
Negative_148,FDITQ,0,,,,
Negative_149,GEVIK,0,,,,
Negative_150,QPDFG,0,,,,
Negative_151,LLSSGV,0,,,,
Negative_152,GERRKRRGK,0,,,,
Negative_153,FTQQIH,0,,,,
Negative_154,APQVTGD,0,,,,
Negative_155,EAEMIRLLGA,0,,,,
Negative_156,SQMGAF,0,,,,
Negative_157,AAVAE,0,,,,
Negative_158,QEREASP,0,,,,
Negative_159,LQSRW,0,,,,
Negative_160,KKGIT,0,,,,
Negative_161,HGTPLADPAR,0,,,,
Negative_162,FGYLERPV,0,,,,
Negative_163,EKQQNA,0,,,,
Negative_164,ADRER,0,,,,
Negative_165,LQATHST,0,,,,
Negative_166,VEVQI,0,,,,
Negative_167,VSRVK,0,,,,
Negative_168,TRSNSRIQ,0,,,,
Negative_169,PAVGGA,0,,,,
Negative_170,GLWLW,0,,,,
Negative_171,RDVNMKIKRL,0,,,,
Negative_172,RPYIVFL,0,,,,
Negative_173,TYTSNINF,0,,,,
Negative_174,DMAYR,0,,,,
Negative_175,LAAVSMGNP,0,,,,
Negative_176,AVKNHLNQ,0,,,,
Negative_177,VQVDY,0,,,,
Negative_178,HYCGHKATM,0,,,,
Negative_179,WFELSEESL,0,,,,
Negative_180,ALFDMHK,0,,,,
Negative_181,GLRHKF,0,,,,
Negative_182,GVGNVRVKFG,0,,,,
Negative_183,MGIDVE,0,,,,
Negative_184,EEQGA,0,,,,
Negative_185,RPGREE,0,,,,
Negative_186,DSRDRLNPRL,0,,,,
Negative_187,RGLPVKLHAE,0,,,,
Negative_188,PEHFPARHPR,0,,,,
Negative_189,FVYGK,0,,,,
Negative_190,NRSISLEI,0,,,,
Negative_191,LGPCRV,0,,,,
Negative_192,TLQHN,0,,,,
Negative_193,RESQC,0,,,,
Negative_194,FKNTGCA,0,,,,
Negative_195,PFFTEVVSG,0,,,,
Negative_196,WPESI,0,,,,
Negative_197,KDTLKKMQKF,0,,,,
Negative_198,LISQT,0,,,,
Negative_199,IIQRK,0,,,,
Negative_200,EPDMR,0,,,,
Negative_201,EETSACCTIM,0,,,,
Negative_202,GIHAT,0,,,,
Negative_203,TSGFK,0,,,,
Negative_204,RADGTIPDWN,0,,,,
Negative_205,SMKGCDDGF,0,,,,
Negative_206,VEIKL,0,,,,
Negative_207,SPHLKF,0,,,,
Negative_208,EDEWRM,0,,,,
Negative_209,PWSTLPSEDV,0,,,,
Negative_210,LQENV,0,,,,
Negative_211,THQRTHT,0,,,,
Negative_212,GTGELLDQ,0,,,,
Negative_213,YIYIGMH,0,,,,
Negative_214,IDLIDEACS,0,,,,
Negative_215,NRTISLRV,0,,,,
Negative_216,EFYFIL,0,,,,
Negative_217,LIIGEEEICT,0,,,,
Negative_218,NIGTIVSKK,0,,,,
Negative_219,LYSVGV,0,,,,
Negative_220,KNVSVKDIRR,0,,,,
Negative_221,ARIQE,0,,,,
Negative_222,KEQEEE,0,,,,
Negative_223,AAVLVNIFG,0,,,,
Negative_224,EDRIICTN,0,,,,
Negative_225,QGERLTQ,0,,,,
Negative_226,DELVAQ,0,,,,
Negative_227,AAIIEARG,0,,,,
Negative_228,QAVATL,0,,,,
Negative_229,GGPRCMSCPV,0,,,,
Negative_230,LAAPGEVYTD,0,,,,
Negative_231,PQSQQQQFQ,0,,,,
Negative_232,QKERA,0,,,,
Negative_233,NLVVRAGQA,0,,,,
Negative_234,GQLMMFISIY,0,,,,
Negative_235,LAGGPL,0,,,,
Negative_236,FKEYV,0,,,,
Negative_237,DLAEAIA,0,,,,
Negative_238,GRVAT,0,,,,
Negative_239,GAPNVSLND,0,,,,
Negative_240,PRNRRRSG,0,,,,
Negative_241,IKRHTSNRT,0,,,,
Negative_242,GKGQSI,0,,,,
Negative_243,ESAEPVERV,0,,,,
Negative_244,FAVVIACVH,0,,,,
Negative_245,SLSKKSR,0,,,,
Negative_246,GGSAD,0,,,,
Negative_247,LDLSPGC,0,,,,
Negative_248,VGGNQ,0,,,,
Negative_249,LVHEATYG,0,,,,
Negative_250,EYLRTIP,0,,,,
Negative_251,ECKITRCP,0,,,,
Negative_252,NNSNKQLYVD,0,,,,
Negative_253,RGPSSSAT,0,,,,
Negative_254,VEKRKG,0,,,,
Negative_255,AHFNLRT,0,,,,
Negative_256,MGTNTIDIRP,0,,,,
Negative_257,VFPSLLDED,0,,,,
Negative_258,KHIVKIE,0,,,,
Negative_259,PPAPVIRPI,0,,,,
Negative_260,GTIHK,0,,,,
Negative_261,LLDSKNP,0,,,,
Negative_262,NNLKNH,0,,,,
Negative_263,RGRLP,0,,,,
Negative_264,IISAHTPTTF,0,,,,
Negative_265,MIIDETK,0,,,,
Negative_266,LTHPEIL,0,,,,
Negative_267,VYAVATST,0,,,,
Negative_268,APSGRAIAR,0,,,,
Negative_269,DIIEVRYI,0,,,,
Negative_270,WLVFHHEGV,0,,,,
Negative_271,FPNKP,0,,,,
Negative_272,LSLVPMV,0,,,,
Negative_273,APSPA,0,,,,
Negative_274,PIKIEAVS,0,,,,
Negative_275,MDLIGL,0,,,,
Negative_276,KKHGY,0,,,,
Negative_277,ERGNKHVP,0,,,,
Negative_278,YTQVAAL,0,,,,
Negative_279,KKYHE,0,,,,
Negative_280,GRVIYTSTF,0,,,,
Negative_281,EYQFEFID,0,,,,
Negative_282,FSIAA,0,,,,
Negative_283,QGRKKNTLT,0,,,,
Negative_284,AVHAHLNMRE,0,,,,
Negative_285,NLSEKTSNRS,0,,,,
Negative_286,GQKCEFQ,0,,,,
Negative_287,VSIYAISLG,0,,,,
Negative_288,HTLGCVPV,0,,,,
Negative_289,QLIKL,0,,,,
Negative_290,DIIQHGKE,0,,,,
Negative_291,NGTKAL,0,,,,
Negative_292,RQLRYYRES,0,,,,
Negative_293,MNYIQVTPQE,0,,,,
Negative_294,EAWDWYYRV,0,,,,
Negative_295,AMSFIKFV,0,,,,
Negative_296,SVVESRYR,0,,,,
Negative_297,NPAVT,0,,,,
Negative_298,LDDGAGR,0,,,,
Negative_299,NIPLSRW,0,,,,
Negative_300,EIEACA,0,,,,
Negative_301,GTNHKETIE,0,,,,
Negative_302,RGEPVVRIG,0,,,,
Negative_303,YIYGYADAKY,0,,,,
Negative_304,QKKQLQE,0,,,,
Negative_305,EKYLNFAF,0,,,,
Negative_306,FLVDCT,0,,,,
Negative_307,ELNRN,0,,,,
Negative_308,RGGPNNRTG,0,,,,
Negative_309,ADTPLNSAA,0,,,,
Negative_310,EGCSAI,0,,,,
Negative_311,KSNASN,0,,,,
Negative_312,SGDPWDEFF,0,,,,
Negative_313,AQGTSGR,0,,,,
Negative_314,YTGFIYG,0,,,,
Negative_315,KAEAAAE,0,,,,
Negative_316,KQCGKAFN,0,,,,
Negative_317,GGVDFRN,0,,,,
Negative_318,EKIRKTDKAE,0,,,,
Negative_319,TIVEPLQR,0,,,,
Negative_320,LPSLGEEVYV,0,,,,
Negative_321,GEGREVTR,0,,,,
Negative_322,GSKPT,0,,,,
Negative_323,VWQRLGADVT,0,,,,
Negative_324,LGLQSGLP,0,,,,
Negative_325,SWKTC,0,,,,
Negative_326,TVGLEM,0,,,,
Negative_327,NHLGD,0,,,,
Negative_328,IKQTS,0,,,,
Negative_329,YDNKL,0,,,,
Negative_330,KNWVLNAE,0,,,,
Negative_331,RALEDVELI,0,,,,
Negative_332,DYLEPIPK,0,,,,
Negative_333,SDYVIAEA,0,,,,
Negative_334,KITGISG,0,,,,
Negative_335,EVVSVIKDRR,0,,,,
Negative_336,SLGPPAVLL,0,,,,
Negative_337,YKELNR,0,,,,
Negative_338,VASAHEMMRQ,0,,,,
Negative_339,ISHPELDG,0,,,,
Negative_340,ALEAGEE,0,,,,
Negative_341,DGVDVLAKVG,0,,,,
Negative_342,AIGTSTILSG,0,,,,
Negative_343,CIIWIPNIHD,0,,,,
Negative_344,QVLGG,0,,,,
Negative_345,RMVTHLAGFY,0,,,,
Negative_346,SWFGLE,0,,,,
Negative_347,NSGRDV,0,,,,
Negative_348,GDAVILGAGQ,0,,,,
Negative_349,YNTSH,0,,,,
Negative_350,AYRQQHPRRQ,0,,,,
Negative_351,QVREAVEGLL,0,,,,
Negative_352,FYAAKGMSIG,0,,,,
Negative_353,RRWSSLHKLV,0,,,,
Negative_354,GFVRNLK,0,,,,
Negative_355,FQSVA,0,,,,
Negative_356,ILLTEEVS,0,,,,
Negative_357,RIEEK,0,,,,
Negative_358,PNAWASILWY,0,,,,
Negative_359,KHVHLF,0,,,,
Negative_360,VSDNKVTILA,0,,,,
Negative_361,EVEIKV,0,,,,
Negative_362,KLFESMF,0,,,,
Negative_363,VLSQIES,0,,,,
Negative_364,RAMFNLADK,0,,,,
Negative_365,DLHPS,0,,,,
Negative_366,MVDYART,0,,,,
Negative_367,DLTKQT,0,,,,
Negative_368,EFKWERMLS,0,,,,
Negative_369,YDAETG,0,,,,
Negative_370,EFDLPD,0,,,,
Negative_371,DYTIIN,0,,,,
Negative_372,RRTLSAG,0,,,,
Negative_373,PSQSLVRDG,0,,,,
Negative_374,PTGVFC,0,,,,
Positive_0,ALVGLMR,1,,,,
Positive_1,CASNNGRVVL,1,,,,
Positive_2,CDDSWKC,1,,,,
Positive_3,CDTRL,1,,,,
Positive_4,CEGVNGRRLR,1,,,,
Positive_5,CEQCNGRCGQ,1,,,,
Positive_6,CETCNGRCVG,1,,,,
Positive_7,CFDGNHIWC,1,,,,
Positive_8,CGGERGKSC,1,,,,
Positive_9,CGLILQKNEC,1,,,,
Positive_10,CGNSNPKSC,1,,,,
Positive_11,CGVGSSC,1,,,,
Positive_12,CIEGVLGGC,1,,,,
Positive_13,CKVCNGRCCG,1,,,,
Positive_14,CLQLFSTC,1,,,,
Positive_15,CLSDGKPVS,1,,,,
Positive_16,CLSDGKRKC,1,,,,
Positive_17,CLSYYPSYC,1,,,,
Positive_18,CNNVGSYC,1,,,,
Positive_19,CPHSKPCLC,1,,,,
Positive_20,CPTCNGRCVR,1,,,,
Positive_21,CQSCNGRCVR,1,,,,
Positive_22,CREAGRKAC,1,,,,
Positive_23,CRESLKNC,1,,,,
Positive_24,CRGDHGVEC,1,,,,
Positive_25,CRGDKGENC,1,,,,
Positive_26,CRGDKHADC,1,,,,
Positive_27,CSDGQHYWC,1,,,,
Positive_28,CSGGKVLDC,1,,,,
Positive_29,CTAMRNTDC,1,,,,
Positive_30,CTDYVRC,1,,,,
Positive_31,CTTHWGFTLC,1,,,,
Positive_32,CVLNGRMEC,1,,,,
Positive_33,CVPELGHEC,1,,,,
Positive_34,CVSGPRC,1,,,,
Positive_35,CVWCNGRCGL,1,,,,
Positive_36,CWGTGLC,1,,,,
Positive_37,CYLVNVDC,1,,,,
Positive_38,CYPADPC,1,,,,
Positive_39,CYTADPC,1,,,,
Positive_40,DAHVLVPRTP,1,,,,
Positive_41,DSSLRLP,1,,,,
Positive_42,DTCRALRCN,1,,,,
Positive_43,ELYVSRL,1,,,,
Positive_44,GPSRVGG,1,,,,
Positive_45,GRCLLMQCR,1,,,,
Positive_46,GRCVDGGCT,1,,,,
Positive_47,GSVSHRR,1,,,,
Positive_48,HQSVNKE,1,,,,
Positive_49,IDKQLE,1,,,,
Positive_50,IFLLWQR,1,,,,
Positive_51,IHFPSAS,1,,,,
Positive_52,ISCAVDAC,1,,,,
Positive_53,IVADYQR,1,,,,
Positive_54,KGVSLSYR,1,,,,
Positive_55,KMGPKVW,1,,,,
Positive_56,LCPKHPLGC,1,,,,
Positive_57,LDCLSELCS,1,,,,
Positive_58,LDHFAPM,1,,,,
Positive_59,LVCLPPSCE,1,,,,
Positive_60,MCPKHPLGC,1,,,,
Positive_61,MMSQLAH,1,,,,
Positive_62,MSRPHK,1,,,,
Positive_63,NGRAHA,1,,,,
Positive_64,NGRSL,1,,,,
Positive_65,NLYVASW,1,,,,
Positive_66,NMSPQLD,1,,,,
Positive_67,NPRWFWD,1,,,,
Positive_68,PMMRQRPM,1,,,,
Positive_69,PQRHVNY,1,,,,
Positive_70,PQRRSARLSA,1,,,,
Positive_71,QHWSYKCIRP,1,,,,
Positive_72,QYREGLV,1,,,,
Positive_73,RKCEVPGCQ,1,,,,
Positive_74,RPCGDQACE,1,,,,
Positive_75,RRHSVSG,1,,,,
Positive_76,SAERGVVAMS,1,,,,
Positive_77,SGWFAGS,1,,,,
Positive_78,SMSIARL,1,,,,
Positive_79,SRESPHP,1,,,,
Positive_80,SRPRR,1,,,,
Positive_81,TDCTPSRCT,1,,,,
Positive_82,TECDMSRCM,1,,,,
Positive_83,TLTVLPW,1,,,,
Positive_84,TPRTQKA,1,,,,
Positive_85,TVWNPVG,1,,,,
Positive_86,VGFGKAL,1,,,,
Positive_87,VGVGEWSV,1,,,,
Positive_88,VPEQRPM,1,,,,
Positive_89,VSFLEYR,1,,,,
Positive_90,VVDRFPD,1,,,,
Positive_91,WREWFL,1,,,,
Positive_92,WRPCES,1,,,,
Positive_93,YSFNSWM,1,,,,
Negative_0,KTFRLRGKGI,0,,,,
Negative_1,FNLISEIV,0,,,,
Negative_2,DLSGLA,0,,,,
Negative_3,IELYYDRG,0,,,,
Negative_4,LKDCFSE,0,,,,
Negative_5,LLQWRACF,0,,,,
Negative_6,QHKYIRLDGS,0,,,,
Negative_7,EVKVEELQTY,0,,,,
Negative_8,IFCYLWVSI,0,,,,
Negative_9,EAETRAE,0,,,,
Negative_10,TALPIIE,0,,,,
Negative_11,ISNRGTWVK,0,,,,
Negative_12,SVRAD,0,,,,
Negative_13,IMVMVINFI,0,,,,
Negative_14,WKPLMN,0,,,,
Negative_15,MSPGAL,0,,,,
Negative_16,LEVLYGLCH,0,,,,
Negative_17,KGKAVKAG,0,,,,
Negative_18,NTDWAYGVIR,0,,,,
Negative_19,TGHPSFV,0,,,,
Negative_20,YRKHCPRTY,0,,,,
Negative_21,DSLPD,0,,,,
Negative_22,VTAPIEFQ,0,,,,
Negative_23,FSGKFRD,0,,,,
Negative_24,RIDQNTV,0,,,,
Negative_25,LQFVNILQM,0,,,,
Negative_26,VIFES,0,,,,
Negative_27,HIGRTLRK,0,,,,
Negative_28,NPALH,0,,,,
Negative_29,EAIKDFTDM,0,,,,
Negative_30,NKSYLS,0,,,,
Negative_31,LSHLQT,0,,,,
Negative_32,TANVVDLNGG,0,,,,
Negative_33,ALGWDMDGA,0,,,,
Negative_34,AYQDIMNMQV,0,,,,
Negative_35,VLNGDT,0,,,,
Negative_36,PESATAARK,0,,,,
Negative_37,KLLKW,0,,,,
Negative_38,CCLMYR,0,,,,
Negative_39,ALMRNAR,0,,,,
Negative_40,LKYGK,0,,,,
Negative_41,DTMLT,0,,,,
Negative_42,VTGTNGLSA,0,,,,
Negative_43,KMIGLEASK,0,,,,
Negative_44,AFDDLDVAL,0,,,,
Negative_45,SGESD,0,,,,
Negative_46,DKNNPFSA,0,,,,
Negative_47,KFLTQQF,0,,,,
Negative_48,TAVYLADII,0,,,,
Negative_49,TPVSGN,0,,,,
Negative_50,EGRYQWQEVD,0,,,,
Negative_51,YAFLCDFIDT,0,,,,
Negative_52,TNPFLNA,0,,,,
Negative_53,IGYQR,0,,,,
Negative_54,GMWSKEE,0,,,,
Negative_55,FFTNYE,0,,,,
Negative_56,TKSSW,0,,,,
Negative_57,AFLGRLGSS,0,,,,
Negative_58,WQINLLQTA,0,,,,
Negative_59,SGGWRERE,0,,,,
Negative_60,YVNLNP,0,,,,
Negative_61,KDAGRIA,0,,,,
Negative_62,NLIDKTNEKV,0,,,,
Negative_63,VLIVLPKK,0,,,,
Negative_64,NNRIHRFKE,0,,,,
Negative_65,AREGKKK,0,,,,
Negative_66,ARFRK,0,,,,
Negative_67,DFGDDV,0,,,,
Negative_68,GTLHCWI,0,,,,
Negative_69,KTYLDY,0,,,,
Negative_70,LLPYYR,0,,,,
Negative_71,TGLDDQTLQ,0,,,,
Negative_72,NAFLETMA,0,,,,
Negative_73,NVIVHNI,0,,,,
Negative_74,NYLKAENQK,0,,,,
Negative_75,ILADLPGYGF,0,,,,
Negative_76,LLSLQGIEMK,0,,,,
Negative_77,CLICNG,0,,,,
Negative_78,SRDRILAC,0,,,,
Negative_79,GVTLREG,0,,,,
Negative_80,EKDEKSKS,0,,,,
Negative_81,HFLLQGTLY,0,,,,
Negative_82,MTTSIQ,0,,,,
Negative_83,EAIKHASHGI,0,,,,
Negative_84,PVSRRGL,0,,,,
Negative_85,MSRIYYRG,0,,,,
Negative_86,NKRHSLV,0,,,,
Negative_87,VDIERC,0,,,,
Negative_88,NRNLL,0,,,,
Negative_89,NTQMDS,0,,,,
Negative_90,TAVGLALLIS,0,,,,
Negative_91,FPQFLVYFSE,0,,,,
Negative_92,GEMRK,0,,,,
Negative_93,NTGAPITVP,0,,,,